CD_MUN;NM_MUN;YIELD_2000;YIELD_2001;YIELD_2002;YIELD_2003;YIELD_2004;YIELD_2005;YIELD_2006;YIELD_2007;YIELD_2008;YIELD_2009;YIELD_2010;YIELD_2011;YIELD_2012;YIELD_2013;YIELD_2014;YIELD_2015;YIELD_2016;YIELD_2017;YIELD_2018;YIELD_2019;YIELD_2020
3501509;Alvinlândia;NA;NA;NA;NA;NA;39733;0;0;0;0;0;0;0;0;0;0;0;0;0;0;0
3501806;Américo de Campos;NA;NA;NA;NA;NA;0;0;0;60053;62000;60000;79688;72000;72000;61000;70000;78000;78000;70000;70000;71944
3502507;Aparecida;NA;NA;NA;NA;NA;0;0;0;0;0;0;0;0;0;0;0;0;0;0;0;0
3515657;Fernão;NA;NA;NA;NA;NA;0;0;0;120000;120000;74000;80000;0;0;0;0;0;0;60000;60000;60000
3515707;Ferraz de Vasconcelos;NA;NA;NA;NA;NA;0;0;0;0;0;0;0;0;0;0;0;0;0;0;0;0
3515905;Floreal;NA;NA;NA;NA;NA;0;180000;90000;90000;90000;90000;90000;70000;70000;70000;70000;70000;90000;90000;90000;90000
3516309;Francisco Morato;NA;NA;NA;NA;NA;0;0;0;0;0;0;0;0;0;0;0;0;0;0;0;0
3516408;Franco da Rocha;NA;NA;NA;NA;NA;0;0;0;0;0;0;0;0;0;0;0;0;0;0;0;0
3516606;Gália;NA;NA;NA;NA;NA;0;0;0;0;0;65000;65000;0;0;0;0;0;0;0;0;0
3516705;Garça;NA;NA;NA;NA;NA;0;0;0;0;0;0;0;0;0;0;0;0;0;0;0;0
3517307;Guaimbê;NA;NA;NA;NA;NA;0;100000;0;80000;100000;100000;100000;0;100000;50000;60000;60000;52000;55000;55000;55000
3517604;Guapiara;NA;NA;NA;NA;NA;0;0;0;0;0;0;0;0;0;0;0;0;0;0;0;0
3518107;Guarantã;NA;NA;NA;NA;NA;0;75000;70000;80000;120000;80000;80000;80000;75000;70000;60000;60000;60000;60000;70000;70000
3518404;Guaratinguetá;NA;NA;NA;NA;NA;0;0;0;0;0;0;0;0;0;0;0;0;0;0;0;0
3518701;Guarujá;NA;NA;NA;NA;NA;0;0;0;0;0;0;0;0;0;0;0;0;0;0;0;0
3518800;Guarulhos;NA;NA;NA;NA;NA;0;0;0;0;0;0;0;0;0;0;0;0;0;0;0;0
3520202;Igaratá;NA;NA;NA;NA;NA;0;0;0;0;0;0;0;0;40000;0;0;0;0;0;0;0
3520301;Iguape;NA;NA;NA;NA;NA;0;0;0;0;0;0;0;0;0;0;0;0;0;0;0;0
3520608;Indiana;NA;NA;NA;NA;NA;0;0;0;90000;90909;90000;70000;70000;69870;69870;69870;69870;69870;69870;69870;75712
3521200;Iporanga;NA;NA;NA;NA;NA;0;0;0;0;0;100000;50000;0;50000;50000;50000;50000;50000;20000;20000;40000
3521705;Itaberá;NA;NA;NA;NA;NA;0;0;75000;25000;75;0;55000;99000;70000;70000;70000;0;0;0;0;0
3522109;Itanhaém;NA;NA;NA;NA;NA;0;0;0;0;0;0;0;0;0;0;0;0;0;0;0;0
3522158;Itaoca;NA;NA;NA;NA;NA;0;0;0;0;0;30000;15000;93000;15000;0;60000;60000;60000;60000;60000;60000
3522208;Itapecerica da Serra;NA;NA;NA;NA;NA;0;0;0;0;0;0;0;0;0;0;0;0;0;0;0;0
3522505;Itapevi;NA;NA;NA;NA;NA;0;0;0;0;0;0;0;0;0;0;0;0;0;0;0;0
3522653;Itapirapuã Paulista;NA;NA;NA;NA;NA;0;0;0;0;0;0;0;0;0;81200;60000;60000;60000;60000;60000;60000
3522802;Itaporanga;NA;NA;NA;NA;NA;0;0;100000;80000;0;80000;65000;70000;45000;70000;70000;0;0;70000;0;0
3523206;Itararé;NA;NA;NA;NA;NA;0;0;0;0;0;60000;80000;0;0;0;0;0;0;70000;70000;70000
3523305;Itariri;NA;NA;NA;NA;NA;0;0;0;0;0;0;0;0;0;0;0;0;0;0;0;0
3523404;Itatiba;NA;NA;NA;NA;NA;0;0;0;80000;80000;80000;80000;80000;80000;80000;50000;50000;50000;50000;50000;50000
3523503;Itatinga;NA;NA;NA;NA;NA;0;0;60000;60000;60000;61224;60000;60000;70000;90000;80000;80000;80000;80000;78511;78511
3523701;Itirapuã;NA;NA;NA;NA;NA;0;0;0;80000;95000;95000;100000;100000;100000;95000;100000;100000;90000;90000;83750;93333
3524600;Jacupiranga;NA;NA;NA;NA;NA;0;0;0;0;0;0;0;0;0;0;0;0;0;20000;30000;30000
3524808;Jales;NA;NA;NA;NA;NA;0;0;60000;0;107300;110000;90000;85000;85000;80000;80000;80000;80000;90000;90000;90000
3525003;Jandira;NA;NA;NA;NA;NA;0;0;0;0;0;0;0;0;0;0;0;0;0;0;0;0
3525805;Júlio Mesquita;NA;NA;NA;NA;NA;0;0;100000;50000;50000;0;80000;60000;59314;70000;80000;60000;70000;70000;0;0
3526100;Juquiá;NA;NA;NA;NA;NA;0;0;0;0;0;0;0;0;0;0;0;0;0;0;0;0
3526209;Juquitiba;NA;NA;NA;NA;NA;0;0;0;0;0;0;0;0;0;0;0;0;0;0;0;0
3526308;Lagoinha;NA;NA;NA;NA;NA;0;0;24000;0;0;70000;70000;0;0;0;0;60000;88000;49000;25000;0
3526605;Lavrinhas;NA;NA;NA;NA;NA;0;0;0;0;0;0;0;0;0;0;0;0;0;0;0;0
3527207;Lorena;NA;NA;NA;NA;NA;0;0;0;0;0;0;0;0;0;0;0;0;0;0;0;0
3527306;Louveira;NA;NA;NA;NA;NA;0;0;0;0;0;0;50000;60000;50000;55000;55000;55000;55000;55000;55000;55000
3527504;Lucianópolis;NA;NA;NA;NA;NA;79719;100000;80000;80000;80000;80000;80000;80000;76923;60000;74323;75000;75000;72000;75000;76000
3527801;Lupércio;NA;NA;NA;NA;NA;0;0;0;0;0;0;0;0;0;0;0;0;0;0;0;0
3528502;Mairiporã;NA;NA;NA;NA;NA;0;0;0;0;0;0;0;0;0;0;0;0;0;0;0;0
3528908;Mariápolis;NA;NA;NA;NA;NA;77923;120000;70000;70000;80000;80000;88000;60000;60000;60000;70000;70000;70000;70000;70000;70000
3529005;Marília;NA;NA;NA;NA;NA;0;0;70000;70000;70000;80000;70000;70000;55000;40000;35000;35000;80000;80000;77500;64167
3529104;Marinópolis;NA;NA;NA;NA;NA;0;0;0;0;0;0;0;0;110000;90000;90000;90000;90000;80000;80000;80000
3529401;Mauá;NA;NA;NA;NA;NA;0;0;0;0;0;0;0;0;0;0;0;0;0;0;0;0
3529658;Mesópolis;NA;NA;NA;NA;NA;0;0;0;90000;139500;130000;110000;80000;69206;65000;80000;65000;72000;72000;71982;72000
3529906;Miracatu;NA;NA;NA;NA;NA;0;0;0;0;0;0;0;0;0;0;0;0;0;0;0;0
3530003;Mira Estrela;NA;NA;NA;NA;NA;0;0;80000;70000;53333;80000;80000;80000;85000;80000;85714;80000;80000;80000;80000;80000
3530607;Mogi das Cruzes;NA;NA;NA;NA;NA;0;0;0;0;0;0;0;0;0;0;0;0;0;0;0;0
3531100;Mongaguá;NA;NA;NA;NA;NA;0;0;0;0;0;0;0;0;0;0;0;0;0;0;0;0
3531605;Monte Castelo;NA;NA;NA;NA;NA;0;85000;85000;82632;82632;80000;80000;70097;70536;55516;74989;75257;75000;70000;70000;70000
3531704;Monteiro Lobato;NA;NA;NA;NA;NA;0;0;0;0;0;0;0;0;0;0;0;60000;0;0;0;0
3532009;Morungaba;NA;NA;NA;NA;NA;0;0;0;0;0;100000;100000;85000;85000;60000;60000;60000;60000;60000;60000;60000
3532827;Nova Campina;NA;NA;NA;NA;NA;0;0;0;0;0;0;50000;0;0;0;0;0;0;0;0;75000
3532843;Nova Canaã Paulista;NA;NA;NA;NA;NA;0;0;100000;100000;150000;120000;120000;80000;80000;60000;90000;90000;90000;90000;85000;85000
3533205;Nova Independência;NA;NA;NA;NA;NA;119423;110000;110000;110000;110000;90000;90000;77000;80000;62000;62523;70000;70000;70000;68000;69333
3533700;Ocauçu;NA;NA;NA;NA;NA;0;0;100000;100000;100000;92500;100000;70000;80000;100000;100000;100000;100000;100000;75000;100000
3534104;Oriente;NA;NA;NA;NA;NA;0;0;0;80000;80000;80000;80000;70218;80000;80000;80000;80000;80000;80000;80000;80000
3534401;Osasco;NA;NA;NA;NA;NA;0;0;0;0;0;0;0;0;0;0;0;0;0;0;0;0
3534500;Oscar Bressane;NA;NA;NA;NA;NA;0;0;84000;84008;110000;110000;99000;87722;50000;50000;65000;110000;87000;65000;65000;72333
3535200;Palmeira d'Oeste;NA;NA;NA;NA;NA;0;0;60000;0;60000;60000;90000;90000;85000;70000;70000;70000;70000;70000;80000;80000
3535408;Panorama;NA;NA;NA;NA;NA;0;0;0;0;0;100000;98246;70000;75000;50000;76300;75000;70000;70000;70000;70000
3536109;Pardinho;NA;NA;NA;NA;NA;0;0;0;60000;70000;71428;70000;0;70000;70000;70000;70000;70000;70000;61333;61333
3536257;Parisi;NA;NA;NA;NA;NA;0;0;120000;110000;80000;80384;74450;80000;80000;80000;80000;80000;80000;80000;80000;70000
3536406;Paulicéia;NA;NA;NA;NA;NA;0;0;95000;100000;100000;95000;92611;67000;80000;66821;69995;75000;69106;65000;65000;62000
3536802;Pedra Bela;NA;NA;NA;NA;NA;0;0;0;40000;40000;51000;51000;51000;51000;51000;80000;80000;80000;90000;85000;85000
3537206;Pedro de Toledo;NA;NA;NA;NA;NA;0;0;0;0;0;0;0;0;0;0;0;0;0;0;0;0
3538204;Pinhalzinho;NA;NA;NA;NA;NA;0;0;0;0;0;51000;51000;0;0;0;0;0;0;70000;100000;100000
3538303;Piquerobi;NA;NA;NA;NA;NA;79462;79830;80000;100000;100000;93959;78000;70000;70000;50000;50412;50000;50000;50000;50000;50000
3538501;Piquete;NA;NA;NA;NA;NA;0;0;0;0;0;0;0;0;0;0;0;0;0;0;0;0
3539806;Poá;NA;NA;NA;NA;NA;0;0;0;0;0;0;0;0;0;0;0;0;0;0;0;0
3540002;Pompéia;NA;NA;NA;NA;NA;69564;80000;100000;100000;100000;100000;100000;70000;100000;80000;80000;90000;80000;80000;80000;80000
3540309;Pontes Gestal;NA;NA;NA;NA;NA;99329;100000;150000;100000;100000;89180;71627;72000;72000;61000;66000;78000;78000;72000;72000;72000
3540754;Potim;NA;NA;NA;NA;NA;0;0;0;0;0;0;0;0;0;0;0;0;0;0;0;0
3541000;Praia Grande;NA;NA;NA;NA;NA;0;0;0;0;0;0;0;0;0;0;0;0;0;0;0;0
3541307;Presidente Epitácio;NA;NA;NA;NA;NA;0;70000;70000;70000;0;60000;66000;70000;70000;65000;68136;71865;70000;69630;83554;70498
3542305;Redenção da Serra;NA;NA;NA;NA;NA;0;0;70000;0;0;70000;70000;0;45000;0;0;60000;67500;0;70000;70000
3542602;Registro;NA;NA;NA;NA;NA;0;0;0;0;50000;0;0;43000;43000;43000;34286;35000;35000;35000;90000;90000
3543006;Ribeirão Branco;NA;NA;NA;NA;NA;0;0;0;0;0;0;70000;0;0;0;0;0;0;0;0;0
3543253;Ribeirão Grande;NA;NA;NA;NA;NA;0;0;0;0;0;0;0;0;0;0;0;0;0;0;60000;60000
3543303;Ribeirão Pires;NA;NA;NA;NA;NA;0;0;0;0;0;0;0;0;0;0;0;0;0;0;0;0
3543501;Riversul;NA;NA;NA;NA;NA;0;0;100000;100000;100000;100000;100000;100000;70000;70000;70000;70000;70000;70000;70000;70000
3544103;Rio Grande da Serra;NA;NA;NA;NA;NA;0;0;0;0;0;0;0;0;0;0;0;0;0;0;0;0
3544509;Rubinéia;NA;NA;NA;NA;NA;0;0;0;0;165000;120000;120000;100000;100000;80000;80000;80000;80000;80000;80000;80000
3545001;Salesópolis;NA;NA;NA;NA;NA;0;0;0;0;0;0;0;0;0;0;0;0;0;0;0;0
3545506;Sandovalina;NA;NA;NA;NA;NA;0;80000;80000;80000;80000;80000;70000;70623;70000;80000;79166;79628;79628;80000;80119;79605
3545704;Santa Albertina;NA;NA;NA;NA;NA;0;0;105555;90000;134508;130000;110000;95000;70925;89931;84000;110000;78291;84000;70000;85000
3546009;Santa Branca;NA;NA;NA;NA;NA;0;0;0;0;60000;60000;60000;0;0;0;0;0;50000;50000;50000;50000
3546108;Santa Clara d'Oeste;NA;NA;NA;NA;NA;0;0;0;0;0;0;0;0;90000;70000;80000;80000;70000;70000;0;0
3546603;Santa Fé do Sul;NA;NA;NA;NA;NA;0;0;0;0;150000;120000;100000;80000;80000;75000;80000;90000;90000;90000;85543;90000
3547106;Santa Mercedes;NA;NA;NA;NA;NA;0;0;80000;100000;87719;100000;94304;82000;80188;56672;61360;75000;70000;70000;70000;68000
3547205;Santana da Ponte Pensa;NA;NA;NA;NA;NA;0;0;0;120000;120000;120000;120000;80000;80000;70000;80000;90000;90000;70000;80000;80000
3547304;Santana de Parnaíba;NA;NA;NA;NA;NA;0;0;0;0;0;0;0;0;0;0;0;0;0;0;0;0
3547403;Santa Rita d'Oeste;NA;NA;NA;NA;NA;0;0;0;0;150000;120000;120000;80000;74667;70000;70000;80000;80000;70000;80000;80000
3547650;Santa Salete;NA;NA;NA;NA;NA;0;0;60000;90000;82307;84000;110000;0;113331;100000;100000;100000;100000;100000;100000;100000
3547809;Santo André;NA;NA;NA;NA;NA;0;0;0;0;0;0;0;0;0;0;0;0;0;0;0;0
3548203;Santo Antônio do Pinhal;NA;NA;NA;NA;NA;0;0;0;0;0;0;0;0;0;0;0;0;0;0;0;0
3548500;Santos;NA;NA;NA;NA;NA;0;0;0;0;0;0;0;0;0;0;0;0;0;0;0;0
3548609;São Bento do Sapucaí;NA;NA;NA;NA;NA;0;0;0;0;0;0;0;0;0;0;0;0;0;0;0;0
3548708;São Bernardo do Campo;NA;NA;NA;NA;NA;0;0;0;0;0;0;0;0;0;0;0;0;0;0;0;0
3549003;São Francisco;NA;NA;NA;NA;NA;0;0;60000;0;0;70000;80000;90000;90000;90000;90000;90000;90000;90000;90000;90000
3549300;São João do Pau d'Alho;NA;NA;NA;NA;NA;0;0;0;0;0;100000;94667;80000;80992;63967;70000;75000;75000;70000;70000;70000
3549953;São Lourenço da Serra;NA;NA;NA;NA;NA;0;0;0;0;0;0;0;0;0;0;0;0;0;0;0;0
3550209;São Miguel Arcanjo;NA;NA;NA;NA;NA;0;0;0;0;0;82000;79500;73000;0;0;0;0;0;0;0;0
3550308;São Paulo;NA;NA;NA;NA;NA;0;0;0;0;0;0;0;0;1200;20000;20000;20000;20000;20000;20000;20000
3550803;São Sebastião da Grama;NA;NA;NA;NA;NA;0;0;90000;90000;90000;70000;70000;70000;70000;70000;69905;69905;69905;69905;75000;70000
3551009;São Vicente;NA;NA;NA;NA;NA;0;0;0;0;0;0;0;0;0;0;0;0;0;0;0;0
3551108;Sarapuí;NA;NA;NA;NA;NA;0;0;0;0;0;86847;85000;70000;81000;71000;85000;85000;85000;0;0;0
3551801;Sete Barras;NA;NA;NA;NA;NA;0;0;0;0;0;0;0;0;0;0;50000;0;0;40000;40000;40000
3552809;Taboão da Serra;NA;NA;NA;NA;NA;0;0;0;0;0;0;0;0;0;0;0;0;0;0;0;0
3553856;Taquarivaí;NA;NA;NA;NA;NA;0;30000;75000;30000;30000;0;40000;0;0;0;0;0;0;0;0;0
3553906;Tarabai;NA;NA;NA;NA;NA;0;62000;70000;65000;80000;75000;70000;70000;80000;77000;80000;80000;80000;80000;80000;80000
3554102;Taubaté;NA;NA;NA;NA;NA;0;0;0;0;0;0;100;0;0;0;0;0;0;15385;0;0
3554656;Torre de Pedra;NA;NA;NA;NA;NA;0;0;0;0;0;50000;50000;0;0;0;0;90000;90000;90000;84286;84286
3554805;Tremembé;NA;NA;NA;NA;NA;0;0;0;0;0;0;0;0;0;0;0;0;0;0;0;0
3554904;Três Fronteiras;NA;NA;NA;NA;NA;0;0;0;0;120000;120000;100000;70000;70000;60000;80000;80000;70000;60000;80000;70000
3554953;Tuiuti;NA;NA;NA;NA;NA;0;0;0;0;0;0;50000;0;0;0;0;0;0;0;0;0
3555109;Tupi Paulista;NA;NA;NA;NA;NA;89520;90000;84262;80000;80000;100000;90967;78000;84345;67476;81000;80000;72000;70000;70000;70000
3555406;Ubatuba;NA;NA;NA;NA;NA;0;0;0;0;0;0;0;0;0;0;0;0;0;0;0;0
3555505;Ubirajara;NA;NA;NA;NA;NA;0;0;67142;67198;68198;70000;72000;72022;59925;72000;52000;70000;70000;0;0;0
3555901;Uru;NA;NA;NA;NA;NA;0;80000;50000;50000;120000;119992;119993;0;120049;99972;120000;120013;120000;110000;75000;75000
3556206;Valinhos;NA;NA;NA;NA;NA;0;0;0;0;0;0;0;0;0;0;0;0;0;0;0;0
3556453;Vargem Grande Paulista;NA;NA;NA;NA;NA;0;0;0;0;0;0;0;0;0;0;0;0;0;0;0;0
3556602;Vera Cruz;NA;NA;NA;NA;NA;0;0;0;0;0;0;0;0;0;0;0;0;0;0;0;0
3556701;Vinhedo;NA;NA;NA;NA;NA;0;0;0;0;0;0;0;0;0;0;0;0;0;0;0;0
3520400;Ilhabela;10000;NA;NA;NA;NA;0;0;0;0;0;0;0;0;0;0;0;0;0;0;0;0
3550704;São Sebastião;10000;NA;NA;NA;NA;0;0;0;0;0;0;0;0;0;0;0;0;0;0;0;0
3537602;Peruíbe;50000;NA;NA;NA;NA;0;0;0;0;0;0;0;0;0;0;0;0;0;0;0;0
3523107;Itaquaquecetuba;60000;NA;NA;NA;NA;0;0;0;0;0;0;0;0;0;0;0;0;0;0;0;0
3552502;Suzano;60000;NA;NA;NA;NA;0;0;0;0;0;0;0;0;0;0;0;0;0;0;0;0
3543238;Ribeirão dos Índios;70000;NA;NA;NA;NA;98900;100000;90000;100000;65000;80000;70000;70000;70000;70000;70000;70000;70000;49000;73615;70000
3540101;Pongaí;80000;NA;NA;NA;NA;0;0;100000;100000;100000;100000;100000;0;100000;100000;80000;100000;100000;80000;70000;86947
3523008;Itapura;100000;NA;NA;NA;NA;99002;90000;90000;99946;97400;90000;110526;64785;66230;66230;80900;100000;100000;100000;80000;95000
3518305;Guararema;NA;20000;NA;NA;NA;0;0;0;0;0;0;0;0;0;0;0;0;120000;50000;50000;50000
3532306;Natividade da Serra;30000;30000;NA;NA;NA;57150;90000;86400;57150;57150;90000;90000;0;60000;70000;0;0;0;0;0;0
3514809;Eldorado;70000;30000;NA;NA;NA;0;0;0;0;0;0;0;0;0;0;0;0;0;0;0;0
3539103;Pirapora do Bom Jesus;NA;40000;NA;NA;NA;0;0;0;0;0;0;0;0;0;0;0;0;0;0;0;0
3544301;Roseira;NA;42000;NA;NA;NA;0;0;0;0;0;0;0;0;0;0;0;0;0;0;0;0
3515400;Fartura;NA;58000;NA;NA;NA;0;0;0;0;0;0;0;0;90400;106230;96000;96000;96000;90000;85500;70000
3546801;Santa Isabel;NA;60000;NA;NA;NA;0;0;0;0;0;0;0;0;0;0;0;0;0;0;0;0
3550001;São Luiz do Paraitinga;NA;60000;NA;NA;NA;19857;60000;70000;19857;19857;60000;60000;0;83333;60000;0;60000;60000;60000;70000;70000
3555802;Urânia;NA;60000;NA;NA;NA;0;0;90000;90000;114000;113000;80000;92000;100000;80000;100000;120000;120000;120000;110000;110000
3524907;Jambeiro;60000;60000;NA;NA;NA;0;0;0;0;0;0;0;0;0;0;0;60000;0;0;0;0
3537909;Pilar do Sul;60000;70000;NA;NA;NA;0;0;0;0;0;60000;0;0;0;0;0;0;0;0;0;0
3531209;Monte Alegre do Sul;60000;80000;NA;NA;NA;0;50000;100000;100000;100000;52000;70000;50000;50000;50000;40000;55000;60000;60000;60000;60000
3544251;Rosana;NA;80000;39029;NA;NA;79594;60000;80000;70000;0;80000;74000;65000;74000;65000;54050;61513;61513;70314;73989;64447
3530201;Mirante do Paranapanema;NA;NA;60000;NA;NA;69533;90000;80000;99667;99667;100000;71000;66000;62000;66000;74874;76999;65862;65862;68912;75000
3536208;Pariquera-Açu;NA;NA;60000;NA;NA;11955;70000;0;12000;11000;50000;50000;70000;70000;70000;0;50000;50000;50000;50000;50000
3532108;Murutinga do Sul;NA;NA;70000;NA;NA;111217;80000;100000;100000;100000;100000;100000;100000;100000;100000;70000;70000;70000;70000;90000;73333
3540507;Porangaba;NA;NA;80000;NA;NA;0;50000;40000;50000;80000;50000;50000;0;77934;77934;100000;90000;90000;90000;85532;88511
3548104;Santo Antônio do Jardim;80000;80000;80000;NA;NA;0;0;0;0;0;95000;95000;80000;80000;0;0;0;0;0;0;0
3531001;Monções;NA;NA;100000;NA;NA;0;83333;83500;110900;95000;90000;89000;89000;89000;64000;90000;81000;90000;71810;71810;73000
3524402;Jacareí;NA;50000;NA;25000;NA;0;0;0;0;40000;40000;40000;40000;0;0;0;0;0;50000;50000;50000
3515350;Euclides da Cunha Paulista;50000;60000;50000;50000;NA;0;70000;70000;70000;0;70000;68000;100000;80000;70000;68752;64742;70000;70000;72811;69584
3507753;Brejo Alegre;NA;NA;NA;NA;NA;99138;100000;120000;115000;120000;117360;83970;80000;80000;70000;75000;80000;80000;90000;60000;90000
3508009;Buri;NA;NA;NA;NA;NA;0;0;0;0;0;106666;80000;0;0;0;0;0;0;0;0;0
3508603;Cachoeira Paulista;NA;NA;NA;NA;NA;0;0;0;0;0;0;0;60000;60000;60000;60000;60000;60000;66000;66000;60000
3509007;Caieiras;NA;NA;NA;NA;NA;0;0;0;0;0;0;0;0;0;0;0;0;0;2000;2000;2000
3509205;Cajamar;NA;NA;NA;NA;NA;0;0;0;0;0;0;0;0;0;0;0;0;0;0;0;0
3509254;Cajati;NA;NA;NA;NA;NA;0;0;0;0;0;0;0;0;0;0;0;0;0;20000;20000;20000
3509452;Campina do Monte Alegre;NA;NA;NA;NA;NA;0;0;76000;75000;63094;117893;100000;85000;78000;80000;85000;85000;85000;85000;85000;0
3509601;Campo Limpo Paulista;NA;NA;NA;NA;NA;0;0;0;0;0;60000;0;0;0;0;0;0;0;0;0;0
3509700;Campos do Jordão;NA;NA;NA;NA;NA;0;0;0;0;0;0;0;0;0;0;0;0;0;0;0;0
3509908;Cananéia;NA;NA;NA;NA;NA;0;0;0;0;0;0;0;0;0;0;0;10000;10000;10000;10000;10000
3509957;Canas;NA;NA;NA;NA;NA;0;0;0;0;0;0;0;0;0;0;0;0;0;0;0;0
3510203;Capão Bonito;NA;NA;NA;NA;NA;0;0;0;0;0;0;0;0;0;0;0;0;0;0;0;0
3510500;Caraguatatuba;NA;NA;NA;NA;NA;0;0;0;0;0;0;0;0;0;0;0;0;0;0;0;0
3510609;Carapicuíba;NA;NA;NA;NA;NA;0;0;0;0;0;0;0;0;0;0;0;0;0;0;0;0
3510708;Cardoso;NA;NA;NA;NA;NA;0;0;120000;100000;90000;90000;58680;80000;72000;70000;87000;74000;98000;72000;76000;80000
3512605;Coronel Macedo;NA;NA;NA;NA;NA;0;0;0;100000;100000;120000;120000;110000;72600;120000;120000;120000;100000;80000;0;0
3513009;Cotia;NA;NA;NA;NA;NA;0;0;0;0;0;0;0;0;0;0;0;0;0;0;0;0
3513207;Cristais Paulista;NA;NA;NA;NA;NA;0;90000;100000;130000;100000;100000;100000;100000;85008;67000;67000;80000;75000;85000;80000;78333
3513504;Cubatão;NA;NA;NA;NA;NA;0;0;0;0;0;0;0;0;0;0;0;0;0;0;0;0
3513603;Cunha;NA;NA;NA;NA;NA;0;0;0;0;0;0;0;0;0;0;0;0;0;0;0;0
3513850;Dirce Reis;NA;NA;NA;NA;NA;0;0;60000;0;80000;100000;100000;80000;80000;80000;80000;80000;80000;80000;80000;80000
3513900;Divinolândia;NA;NA;NA;NA;NA;0;0;100000;100000;100000;100000;90000;60000;80000;80000;80000;80000;80000;0;0;0
3514205;Dolcinópolis;NA;NA;NA;NA;NA;0;0;60000;0;104000;105000;100000;100000;100000;90000;90000;90000;90000;90000;90000;90000
3515004;Embu das Artes;NA;NA;NA;NA;NA;0;0;0;0;0;0;0;0;0;0;0;0;0;0;0;0
3515103;Embu-Guaçu;NA;NA;NA;NA;NA;0;0;0;0;0;0;0;0;0;0;0;0;0;0;0;0
3549904;São José dos Campos;NA;NA;60000;30000;30000;29795;30000;30000;30000;30000;30000;0;0;0;0;0;50000;0;0;0;0
3508504;Caçapava;60000;60000;60000;30000;30000;29813;90000;30000;30000;30000;30000;0;0;120000;120000;120000;100000;120000;120000;120000;120000
3535606;Paraibuna;NA;70000;30000;80000;30000;49821;70000;30000;30000;30000;30000;0;0;0;0;0;40000;0;0;0;0
3513405;Cruzeiro;40000;40000;40000;40000;40000;39761;39762;0;39761;40409;45000;65000;65000;65000;65000;65000;65000;65000;65000;65000;65000
3525508;Joanópolis;NA;NA;42000;40000;42000;40957;41000;41000;41000;41000;50000;60000;0;0;0;0;0;0;0;0;0
3504107;Atibaia;NA;NA;40000;41000;42000;40354;40000;40000;50000;50000;55000;90000;75000;90000;70000;70000;70000;70000;70000;70000;70000
3538600;Piracaia;NA;31278;40000;40000;45000;44704;30000;45000;45000;45000;52000;52000;52000;52000;50000;50000;50000;50000;50000;50000;50000
3539400;Piratininga;NA;80000;45000;45000;45000;44690;44690;80000;67857;67857;67857;70000;70000;70000;66667;66667;66667;85000;75000;75000;70000
3532405;Nazaré Paulista;30000;NA;45000;46000;45000;44405;45000;45000;45000;45000;54000;80000;70000;70000;70000;70000;95000;95000;95000;85000;85000
3507605;Bragança Paulista;NA;NA;50000;48000;48000;48666;49000;49000;50000;50000;52000;100000;100000;100000;100000;100000;80000;80000;80000;80000;80000
3556354;Vargem;NA;NA;45000;50000;50000;44714;80000;45000;45000;45000;50000;50000;80000;0;0;0;0;0;0;0;0
3503158;Arapeí;NA;NA;50000;50000;50000;50134;50135;0;50000;40000;50000;65000;65000;65000;65000;59322;0;65000;65000;65000;65000
3525904;Jundiaí;NA;NA;50000;50000;50000;49666;50000;50000;50000;0;60000;0;0;0;0;0;0;0;0;0;0
3541901;Queluz;NA;NA;50000;50000;50000;54455;80000;13000;54455;55000;55000;61000;61000;61000;61000;61000;61000;61000;61000;61000;61000
3552007;Silveiras;NA;NA;50000;50000;50000;62600;60000;0;62600;65000;65000;65000;65000;65000;65000;65000;65000;65000;65000;65000;65000
3556503;Várzea Paulista;NA;NA;50000;50000;50000;52000;50000;50000;50000;0;80000;0;0;0;0;0;0;0;0;0;0
3556107;Valentim Gentil;70000;NA;50000;50000;50000;0;50000;0;110000;90000;78809;78151;0;90000;90000;90000;70000;68000;65000;73000;70000
3549607;São José do Barreiro;50000;50000;50000;50000;50000;60173;60000;60000;60173;60000;60000;60000;60000;60000;60000;60000;60000;60000;60000;60000;60000
3504909;Bananal;60000;72000;50000;50000;50000;50134;50000;50000;50000;49107;50000;65000;65000;65000;65000;65000;65000;65000;65000;65000;65000
3535804;Paranapanema;69117;82901;50000;50000;50000;49663;100000;50000;50000;100000;80000;80000;80000;80000;80000;88500;88500;88500;70000;80000;77500
3538907;Pirajuí;70000;70000;70000;49000;51748;74844;70000;80000;80000;80000;80000;75000;75000;75000;69138;69138;75000;75000;90000;90000;80000
3515194;Espírito Santo do Turvo;47000;75000;56500;75000;56520;59597;75000;59600;75000;75000;75000;75000;80000;79630;75000;75000;70000;60000;65000;75000;78900
3536901;Pedranópolis;65000;80000;71111;35516;60000;59596;75000;75000;75000;65625;88235;80000;73000;75000;70000;70000;75000;75000;70000;75000;80000
3501152;Alumínio;NA;NA;50000;50000;60000;50134;50135;50000;50000;0;10000;90000;90000;100000;100000;100000;100000;100000;100000;85000;100000
3502606;Aparecida d'Oeste;NA;NA;NA;60000;60000;59599;120000;140000;14000;120000;100000;100000;90000;90000;80000;80000;80000;80000;80000;85000;85000
3515301;Estrela do Norte;NA;30000;35000;60000;60000;69904;70000;70000;70000;77500;90000;70000;70600;80000;75000;90000;90000;85000;85000;85000;85000
3553500;Tapiraí;NA;NA;60000;60000;60000;60173;60173;60173;60173;0;0;0;0;0;0;0;0;0;0;0;0
3529609;Meridiano;80000;NA;60000;60000;60000;60000;100000;80000;80000;80000;82352;70000;60000;75000;75000;69231;75000;74525;75000;62000;70000
3519071;Hortolândia;NA;60000;60000;60000;60000;59598;60000;60000;60000;60000;0;60000;60000;60000;83333;0;0;0;0;0;0
3528403;Mairinque;NA;60000;60000;60000;60000;69523;60000;0;69523;0;0;0;0;0;0;0;0;0;0;0;0
3550605;São Roque;NA;60000;60000;60000;60000;59595;59595;59000;59595;0;0;100000;90000;100000;100000;0;0;100000;100000;83333;83333
3502309;Anhembi;60000;60000;60000;60000;60000;54639;65000;85000;85000;85000;75000;75000;75000;80000;62000;85000;70000;80000;80000;79259;79259
3512407;Cordeirópolis;60000;60000;60000;60000;60000;59607;60000;60000;60000;90000;90000;90000;90000;90000;90002;70000;110000;110000;110065;96600;91707
3519709;Ibiúna;60000;60000;60000;60000;60000;59595;59595;0;59595;0;0;0;0;0;0;0;0;0;0;0;0
3533403;Nova Odessa;60000;60000;60000;60000;60000;59597;60000;60000;60000;85000;0;60000;60000;75000;75000;67000;67778;67778;71111;70000;0
3537107;Pedreira;60000;60000;60000;60000;60000;60548;60000;60000;60000;80000;52000;90000;85000;60000;60000;60000;0;0;0;0;0
3537800;Piedade;60000;60000;60000;60000;60000;50134;50000;50000;50134;50000;50000;0;0;0;0;0;0;0;0;0;0
3538006;Pindamonhangaba;60000;60000;60000;60000;60000;60000;70000;60000;60000;60000;60000;60000;60000;60000;0;0;0;0;0;0;0
3550407;São Pedro;60000;60000;60000;60000;60000;59602;60000;59602;60000;60000;60000;70000;60000;60000;42339;54732;65000;65000;67000;65000;65000
3552403;Sumaré;60000;60000;60000;60000;60000;59597;85000;60000;60000;60000;0;60000;60000;90000;90000;82850;90000;96552;85000;85000;85000
3552908;Taciba;60000;60000;60000;60000;60000;59605;60000;0;60000;70000;70000;70000;71600;80000;70000;90000;70000;70000;90000;90000;81111
3508405;Cabreúva;70000;70000;60000;60000;60000;59598;80000;75000;70000;80000;80000;80000;80000;80000;70000;80000;80000;75000;60000;75000;79000
3536570;Paulistânia;60000;60000;83000;60000;60000;58888;70000;58887;58887;58604;58887;65000;65000;65000;93105;93105;62500;62500;70000;70000;70000
3502705;Apiaí;NA;NA;NA;70000;60000;39759;40000;100000;100000;35000;0;70000;0;0;0;0;0;0;0;0;0
3502754;Araçariguama;60000;60000;70000;70000;60000;59595;59595;44285;59595;0;0;0;0;0;0;0;0;0;0;0;0
3512308;Conchas;60000;60000;60000;170764;60000;49682;70000;60000;80000;70009;65000;65000;70000;70010;70010;70000;70000;70000;80000;80524;80524
3504305;Avaí;70000;70000;65000;92113;62820;62387;70000;70000;62387;62387;62388;68900;68900;68900;75823;75823;61680;61680;70000;70000;75000
3530904;Mombuca;65000;65000;70000;70000;63636;69530;65000;65000;65000;80000;84210;72000;68000;68000;50400;64800;65000;65000;67000;67000;65667
3507803;Brodowski;65000;65000;65000;65000;65000;64572;65000;64957;79997;65000;79994;68000;73000;73000;74100;65000;65000;65000;65000;65000;75000
3542404;Regente Feijó;65000;65000;65000;65000;65000;64564;65000;65000;70000;65000;65000;70000;71000;80000;77000;90000;80000;90000;80800;80800;83600
3501004;Altinópolis;70000;75000;65000;65000;65000;69536;75000;75000;75000;70000;80000;78000;86957;80000;74100;82000;74000;74000;74000;74000;74000
3531803;Monte Mor;NA;60000;91666;100000;65000;64564;80000;70000;70000;70000;0;70000;63000;80002;80000;71429;114286;100000;97670;97670;104762
3509502;Campinas;75000;75000;68181;70000;65652;74504;89456;75000;90373;90373;0;85000;100000;100000;90000;85000;100000;95286;80000;74588;74588
3506706;Boa Esperança do Sul;70000;80000;71600;69000;66240;70848;75000;75000;80000;80000;85000;85000;85000;85000;85000;80000;80000;75000;75000;78333;77000
3512506;Coroados;60000;70000;76844;80625;67265;96629;100000;85000;78250;100000;100000;77345;85000;85000;66000;90000;90000;90000;85000;70000;85000
3519006;Herculândia;NA;NA;NA;NA;70000;98738;40000;80000;90000;90000;80000;85000;85000;80000;80000;75000;75000;80000;80000;75000;76667
3528205;Macedônia;NA;NA;NA;NA;70000;0;0;43636;100000;59523;117647;80000;75000;75000;70000;70000;70000;80000;80000;77538;80000
3541802;Queiroz;NA;NA;NA;NA;70000;102167;102000;102000;102000;102000;80000;120000;20819;104000;80760;75000;78000;75000;79000;75000;75000
3542008;Quintana;NA;NA;NA;NA;70000;99271;100000;100000;100000;100000;80000;90000;80000;90000;90000;70500;79000;87000;65800;75000;70000
3554300;Teodoro Sampaio;70000;70000;69230;50000;70000;61614;71000;71000;64000;64000;64000;64000;60000;64000;33000;110028;75982;64000;65346;73538;60000
3501103;Alto Alegre;70000;NA;70000;56000;70000;79000;80000;80000;75000;0;70000;65000;80000;80000;65430;56490;74230;65690;65690;80000;70000
3526001;Junqueirópolis;50000;50000;58444;58000;70000;69539;85000;79957;85200;85200;80000;85000;75600;70000;52884;70000;65000;70000;70000;65000;65000
3553807;Taquarituba;60000;72903;60000;60000;70000;69530;70000;70000;70000;70000;70000;70000;70000;70000;70000;130000;70000;80000;70000;70000;70000
3521002;Iperó;60000;70000;80000;60000;70000;79463;79463;80000;80000;84175;75000;75000;0;79944;79944;79944;79944;79944;0;79943;79944
3514700;Echaporã;74000;74000;75103;68993;70000;77477;78000;88000;99076;82000;74399;69750;65000;65000;65000;75487;75487;70000;60000;75000;65000
3502408;Anhumas;NA;NA;NA;70000;70000;69529;70000;75000;70000;70000;80000;70000;71000;80000;77000;70000;60000;75000;75000;75000;73475
3503109;Arandu;NA;NA;NA;70000;70000;69648;70000;100000;70000;100000;100000;100000;70000;70000;70000;70000;60000;60000;55000;0;60000
3520707;Indiaporã;NA;NA;NA;70000;70000;0;0;80000;80000;48000;64000;80000;80000;80000;70000;80000;80000;80000;80000;80000;80000
3541505;Presidente Venceslau;NA;NA;NA;70000;70000;79463;63000;63000;72000;72000;72000;64000;70000;70000;70000;60932;57345;60000;70000;72907;70000
3527009;Lindóia;70000;52500;52500;70000;70000;79476;70000;60000;80000;80000;52000;70000;70000;70000;50000;50000;100000;100000;100000;100000;100000
3547601;Santa Rosa de Viterbo;70000;74285;60000;70000;70000;69537;70000;70200;80000;85993;80000;80000;70000;70000;74100;70000;70000;80000;80000;80000;80000
3542107;Rafard;68000;68000;68000;70000;70000;67546;67578;68000;68000;67861;75000;75000;75000;85411;85411;70000;70000;70000;70000;70000;70000
3528700;Marabá Paulista;60000;NA;70000;70000;70000;79464;83000;83000;80000;80000;74000;74000;66000;70000;75000;76989;71820;70000;70000;72273;72273
3508306;Cabrália Paulista;70000;NA;70000;70000;70000;69531;70000;69500;70000;70000;70000;69941;70000;70000;70000;84000;70000;55000;47312;48889;48000
3529500;Mendonça;70000;NA;70000;70000;70000;79463;90000;90000;90000;90000;90000;90000;86842;90000;80000;85000;85000;85000;90000;80000;80000
3557006;Votorantim;NA;70000;70000;70000;70000;69531;80000;69000;69531;0;0;0;0;0;0;0;0;0;0;0;0
3551405;Serra Azul;56000;70000;70000;70000;70000;69535;70000;74828;70000;74948;75000;75000;80000;81397;74100;72000;70000;79223;79223;79223;79223
3545308;Salto de Pirapora;60000;70000;70000;70000;70000;69531;69532;0;69531;0;0;0;0;0;0;0;0;0;0;0;0
3502903;Araçoiaba da Serra;70000;70000;70000;70000;70000;99328;100000;0;90000;81176;100000;90000;90000;100000;100000;100000;80000;80000;80000;80000;80000
3507506;Botucatu;70000;70000;70000;70000;70000;69540;70000;70000;70000;70000;72916;70000;70000;70000;60000;70000;70000;80000;80000;79409;79409
3509106;Caiuá;70000;70000;70000;70000;70000;79463;61000;61000;69000;69000;78000;66000;60000;65000;64000;64000;85329;64000;64000;64000;64000
3509403;Cajuru;70000;70000;70000;70000;70000;69535;80000;69247;70000;70000;70000;50000;60000;60000;74100;70000;70000;67200;67154;67200;67200
3510906;Cássia dos Coqueiros;70000;70000;70000;70000;70000;69530;70000;64545;70000;62000;60000;54000;54000;54000;54000;54767;55000;54767;60000;60000;60000
3515152;Engenheiro Coelho;70000;70000;70000;70000;70000;89396;95000;76000;76000;90000;90000;90000;90000;90000;75000;80000;78000;85000;93000;90000;85000
3519105;Iacanga;70000;70000;70000;70000;70000;69530;85000;105844;80000;80000;80000;81300;81300;81300;76798;76798;80000;85000;80000;80000;80000
3522406;Itapeva;70000;70000;70000;70000;70000;79463;100000;100000;100000;100000;20000;10000;90000;90000;0;80000;80000;80000;80000;80000;80000
3524006;Itupeva;70000;70000;70000;70000;70000;70677;70000;70000;70000;80000;75000;75000;75000;75000;75000;120000;120000;60000;50000;50000;50000
3526902;Limeira;70000;70000;70000;70000;70000;71879;70000;70000;70000;70000;80000;80000;80000;83000;64958;72698;80000;80000;80576;79200;79067
3539905;Poloni;70000;70000;70000;70000;70000;69530;70000;90000;90000;90000;90000;90000;80000;80000;70000;70000;70000;70000;70000;70000;75000
3540903;Pradópolis;70000;70000;70000;70000;70000;69537;70000;70000;85000;85000;85000;79000;73000;79000;55000;75000;85000;85000;85000;85000;85000
3545159;Saltinho;70000;70000;70000;70000;70000;69529;70000;70000;80000;80000;80000;75000;80000;80000;55992;70779;65000;65000;67000;65000;65667
3546256;Santa Cruz da Esperança;70000;70000;70000;70000;70000;69530;75000;74880;75000;80000;80000;56000;56000;56000;62761;75000;78000;80000;80000;80000;80000
3539202;Pirapozinho;80000;70000;70000;70000;70000;69530;70000;70000;70000;80000;80000;70000;70646;70000;79998;80000;80000;77778;80000;80000;80000
3523909;Itu;84096;70000;70000;70000;70000;69530;75000;75000;70000;70000;70000;70000;70000;72000;59000;80000;70000;80000;79000;79000;79000
3540606;Porto Feliz;70000;80000;70000;70000;70000;69535;70066;85000;80000;80000;80000;80000;80000;80000;55000;80000;80000;80000;79000;80000;79000
3557204;Chavantes;150000;80000;70000;70000;70000;79474;80000;79450;80000;80000;80000;80000;80000;80000;80000;75000;100000;90000;85000;80000;78960
3504503;Avaré;70000;84285;70000;70000;70000;69541;70000;70000;70000;70000;70000;70000;70000;70000;70000;70000;70000;70000;70000;70000;72500
3536505;Paulínia;NA;NA;70588;70000;70000;70000;70000;75001;70000;0;0;0;82857;82857;82857;82857;82857;91429;91429;91429;0
3543402;Ribeirão Preto;70000;70000;73333;70000;70000;72438;70000;70000;85000;85000;85026;75000;74992;74992;74100;75000;78081;75000;75000;75000;84997
3542800;Ribeira;NA;NA;80000;70000;70000;50000;75000;75000;75000;75000;75000;75000;0;0;60000;60000;75000;75000;75000;75000;75000
3531407;Monte Aprazível;50000;75000;100000;70000;70000;69538;88000;90000;90000;90000;90000;90000;80000;80000;70000;70000;70000;80000;70000;80000;80000
3505104;Barbosa;80000;80000;73439;75117;70000;70000;81831;75000;80000;80000;80000;80000;80000;80000;65430;54460;74360;70220;70220;50000;70000
3552205;Sorocaba;80000;70000;80000;80000;70000;79461;70000;0;79461;50000;80000;100000;100000;80000;80000;100000;100000;100000;100000;75000;100000
3553401;Tanabi;75000;80000;80000;80000;70000;79463;86000;90000;100000;90000;90000;90000;85000;80000;70000;72000;80000;80000;70000;70000;80000
3548302;Santo Expedito;70000;70000;70000;88000;70000;69530;70000;70000;70000;70000;70000;70000;70000;70000;70000;70000;70008;70008;70008;72982;70175
3536000;Parapuã;80000;80000;65114;69399;70069;72890;70000;70000;70000;70000;80000;80000;70000;63500;73000;70000;75000;90000;85000;72000;80000
3514502;Duartina;NA;NA;70400;70600;70800;83986;85000;84000;85000;85000;85000;84878;84878;84880;84800;82927;70000;65000;70000;74000;78959
3517505;Guapiaçu;80000;80000;71002;71000;71000;69539;90000;90000;90000;90000;90000;90000;90000;85000;70160;80000;80000;80000;80000;80000;80000
3526803;Lençóis Paulista;60000;75000;75303;75000;71429;78712;72000;72000;75000;75000;75000;79000;79000;79000;73374;80000;80000;85940;76000;76000;70000
3510401;Capivari;84003;84003;83928;70000;71478;74506;75001;75000;73894;75001;75000;75000;75000;75000;75000;75000;75000;75000;75000;70000;68000
3514304;Dourado;80000;80000;80000;71823;71823;71352;85000;80000;85000;72000;80000;88874;89985;80625;62500;65000;75000;77800;72000;72000;80000
3513702;Descalvado;65000;80000;82142;80000;71833;73758;85000;85000;85000;85000;85000;90280;73910;85000;65000;80000;80000;80000;80000;80000;80000
3534203;Orindiúva;62000;83000;86000;72000;72000;71521;80000;90000;85000;85000;80000;80000;80000;80000;80000;75000;75000;60000;61233;70000;77000
3527603;Luís Antônio;68000;70000;68548;70000;72258;77007;90000;91778;95000;94803;90000;80000;72974;85404;74100;85000;72000;85000;85000;85000;85000
3529302;Matão;70000;NA;71600;68000;72270;71790;70000;80000;80000;0;100137;100138;70000;70000;75000;67500;80000;80000;95238;80000;72727
3541109;Presidente Alves;78000;78000;72000;72552;72644;81405;80000;81405;81405;81405;81404;75000;75000;75000;69282;69282;80000;76246;80000;80000;72000
3543204;Ribeirão do Sul;80000;110000;72727;72700;72705;84430;85000;85000;90000;90000;90000;90000;80000;83636;80000;84000;85000;75000;80000;85000;78900
3519808;Icém;90016;90002;90002;71983;72727;89400;90000;90000;90000;90000;90000;90000;90000;90000;90000;90000;90000;72115;55000;80000;70000
3520806;Inúbia Paulista;90000;90000;81108;72845;73000;88269;80000;80000;80000;83000;83000;83000;73000;73000;70000;75000;78000;78000;76000;69000;70000
3508702;Caconde;90000;90000;80000;73000;73000;72486;80000;80000;80000;80000;67122;67000;80000;80000;80000;80000;80000;80000;82000;82000;80665
3505807;Bastos;80000;80000;67234;68000;73201;75352;68000;68000;68000;70000;80000;80000;80000;66000;67000;66000;75000;75000;68000;70000;71000
3541703;Quatá;50000;65000;70000;76429;73660;83359;70000;70000;70000;70000;70000;67500;76976;81537;75021;72170;83104;74185;62498;62498;73356
3552106;Socorro;80000;80000;80000;75000;74000;73738;80000;74000;70000;70000;51000;80000;80000;80000;80000;80000;80000;80000;80000;80000;80000
3511904;Clementina;70000;100000;86150;89560;74687;92717;79053;90000;84466;90000;90000;76000;76000;76000;65430;69160;78210;65540;65540;57000;70000
3540200;Pontal;70000;70000;80000;80000;74893;82139;80000;80000;80000;80000;80000;80000;75000;75000;75000;80000;80000;80000;85000;85000;85000
3535507;Paraguaçu Paulista;65000;65000;65000;74968;74968;76668;80000;80000;82000;80000;82000;73800;81416;84840;70413;71251;73449;72451;76421;75000;72000
3517000;Getulina;80000;80000;62215;70666;74969;79272;80000;0;79810;90000;80000;80000;0;80000;70000;70000;75000;69699;75000;75000;75000
3537305;Penápolis;70000;70000;70000;60000;75000;76490;71429;75000;80000;80000;80000;65000;75000;70000;65430;52050;70780;66280;66280;65000;70000
3517109;Glicério;75000;75000;80010;64000;75000;79000;85000;85000;95000;95000;83000;83000;85000;85000;65430;71360;90030;72840;72840;80000;80000
3507704;Braúna;70000;64268;88836;67662;75000;84000;70000;80000;70000;70000;80000;80000;75000;80000;65430;68000;83170;70200;70200;62000;70000
3511706;Charqueada;70000;70000;70000;70000;75000;74504;75000;73000;78000;78000;78000;78000;78000;78000;54600;63717;65000;65000;65049;65316;65016
3503000;Aramina;71000;70000;70000;70000;75000;74503;76000;70000;120000;90000;90000;90000;75000;80000;70000;75000;80000;80000;80000;75000;75000
3544707;Sagres;75000;75000;70297;74386;75000;79474;75000;75000;75000;70000;76000;75000;78000;70000;65000;69000;80000;85000;70000;70000;70000
3547700;Santo Anastácio;60000;60000;60000;75000;75000;59635;85000;80000;85000;55000;85000;70000;65000;60000;70000;77822;70349;68522;70000;70116;70155
3545209;Salto;60000;70000;70000;75000;75000;74497;50000;70000;70000;70000;80000;80000;80000;80000;73000;74000;80000;79000;79000;79000;79000
3549409;São Joaquim da Barra;90000;96000;70000;75000;75000;77007;80000;100000;100000;100000;100000;100000;80019;90010;80019;80019;80019;80000;80000;72000;72000
3516853;Gavião Peixoto;70000;70000;71600;75000;75000;74497;75000;80000;80000;81404;85000;85000;85000;85000;78000;70000;90000;80000;80000;82667;82000
3512803;Cosmópolis;75000;NA;74285;75000;75000;74497;74497;75000;82604;82604;0;85000;84361;87310;75000;75000;75000;75000;82000;80000;76667
3526506;Lavínia;85000;NA;75000;75000;75000;83999;75000;80000;80000;80000;84615;80000;80000;80000;70000;70000;80000;80000;80000;80000;80000
3501608;Americana;60000;75000;75000;75000;75000;74497;75000;80000;80000;78260;75000;93750;56000;76800;80269;77360;80000;80000;80000;80000;80000
3550902;São Simão;62941;75000;75000;75000;75000;77011;75000;80000;80009;80000;79998;79999;70000;80670;74100;70000;70000;70000;70000;70000;70000
3520103;Igarapava;73000;75000;75000;75000;75000;79062;80000;80000;80000;80000;80000;80000;80000;75000;75000;75000;78000;83000;83000;69000;69000
3500907;Altair;75000;75000;75000;75000;75000;74501;75000;80000;75000;75000;80000;93000;93000;75100;68182;75100;80000;80000;80000;80000;75000
3513108;Cravinhos;75000;75000;75000;75000;75000;82154;80000;80000;83000;80001;80000;80003;80000;80000;74100;71000;80000;71000;71000;71000;71000
3525201;Jarinu;75000;75000;75000;75000;75000;74495;75000;75000;75000;75000;70000;70000;80000;80000;80000;65000;65000;65000;65000;65000;65000
3534757;Ouroeste;75000;75000;75000;75000;75000;74497;75000;75000;75000;44117;83333;75000;75000;75000;75000;75000;75000;76960;75000;75000;75000
3544806;Sales;75000;75000;75000;75000;75000;79463;70000;80000;70000;80000;80000;80000;80000;80000;75000;80000;85000;85000;85000;80000;80000
3550506;São Pedro do Turvo;75000;75000;75000;75000;75000;74508;75000;80000;80000;80000;80000;80000;85000;85000;85000;85000;85000;70000;72000;80000;78960
3517901;Guaraci;75000;95000;75000;75000;75000;74508;85000;85000;85000;85000;85000;85000;70000;68000;75000;75000;90000;90000;80000;80000;83333
3545803;Santa Bárbara d'Oeste;75000;75000;76171;75000;75000;75666;75000;75000;73891;73891;75000;88235;80000;79523;60000;63000;64000;64000;65000;80000;80000
3536703;Pederneiras;75000;77500;75000;76957;75000;79065;80000;80000;80000;80000;80000;80000;80000;80000;71018;82000;80000;89000;85000;85000;90000
3515509;Fernandópolis;83988;83988;80000;80000;75000;69541;80000;80000;80000;70000;88888;80000;71591;75000;75000;75000;75000;75000;80000;72176;80000
3540853;Pracinha;60000;80000;89642;86514;75000;74529;70000;70000;70000;70000;70000;70000;60000;70000;70000;70000;70000;70000;70000;70000;70000
3519402;Ibirá;60714;75000;75000;100000;75000;79463;110000;80000;100000;100000;100000;100000;80000;90000;80000;80000;80000;80000;80000;65000;80000
3508900;Caiabu;75004;75004;75000;88000;75021;74506;75000;75000;65500;75000;75000;70000;71000;80000;77000;75000;75000;75000;75000;75000;75000
3549706;São José do Rio Pardo;70000;60000;80000;75419;75400;74943;94017;90000;90000;90000;79672;80000;98305;98305;98305;100000;100000;70000;70000;80000;83333
3530508;Mococa;80000;70000;80000;75500;75500;75003;80000;80000;85000;85000;80000;85000;90000;90000;90000;92500;92500;92500;92500;80000;92500
3544905;Sales Oliveira;80000;80000;83333;70000;75600;86251;84000;84000;90001;90000;90001;90000;90000;90000;90000;80000;90000;90000;90000;90000;90000
3527900;Lutécia;50000;60000;60000;75774;75774;74495;63000;70000;90097;70000;70000;63000;70000;89713;63000;68000;61000;81000;80467;70489;70000
3503208;Araraquara;70000;70000;71600;69500;75952;82865;75000;80000;90000;90000;130156;88016;72000;80000;80000;75000;80000;80000;80000;80000;80000
3542909;Ribeirão Bonito;60000;70000;80240;76038;76038;78076;70000;70000;70000;82000;82000;88055;80000;79000;52000;83269;68000;73500;72000;72000;78000
3546900;Santa Lúcia;70000;70000;71600;66500;76150;75644;84781;80000;85000;85000;86888;86889;75000;75000;72174;75000;75000;75000;75000;75000;75000
3532058;Motuca;72000;72000;71600;71000;76150;78297;78298;80000;90000;90000;97464;97465;70000;70000;70000;85000;80000;85000;85000;83333;83000
3517208;Guaiçara;70000;70000;71326;110234;76480;75980;76000;0;70000;100000;80000;80000;0;80000;80000;70000;90000;75000;70000;65000;70000
3542701;Restinga;80000;80000;80000;80000;76666;79470;80000;80000;80000;80000;80000;80000;80000;80000;75000;80000;80000;80000;80000;80000;80000
3556008;Urupês;80000;70000;82418;80000;76722;79469;80000;80000;80000;80000;80000;80000;80000;80000;72000;80000;90000;90000;80000;70000;80000
3507209;Borá;89965;70000;62160;NA;77000;99347;80000;80000;82758;77279;80000;72000;80000;94242;80000;63008;59690;56010;65000;68000;70000
3503802;Artur Nogueira;45000;75000;77000;77000;77000;76484;90000;90000;90000;90000;80000;80000;80000;80000;73000;80000;80000;80000;77667;78400;80000
3528007;Macatuba;69998;70000;79567;77078;77000;78551;90000;90000;90000;90000;90000;78000;78000;78000;90000;90000;90000;90000;86000;86000;84000
3521101;Ipeúna;90000;90000;87070;81240;77197;85924;90000;80000;78000;80000;78000;78000;78000;78000;56678;63000;59850;59850;77000;77000;80000
3534708;Ourinhos;85000;85000;85000;85100;77363;85431;100000;84000;100000;100000;100000;100000;85000;75522;86000;76000;81000;80000;67000;80000;79138
3531308;Monte Alto;75000;75000;80000;80000;77657;89402;80000;80000;90000;90000;90000;90000;90000;90000;63000;63000;70000;80000;90000;90000;87000
3500709;Agudos;70000;70000;70000;70000;77996;77723;80000;88669;80000;80000;80000;79500;79500;79500;60004;64794;61000;70000;61000;70000;70000
3504008;Assis;70000;88698;75000;78708;78000;74500;75000;77000;75000;92280;83699;70500;75000;75000;70000;80000;75000;95000;85000;85000;85000
3538709;Piracicaba;75000;78000;78000;80000;78048;81778;80000;80000;80000;80000;80000;82000;80000;80000;56000;65000;65000;65000;67000;65000;65000
3554755;Trabiju;70000;80000;71600;59000;78100;77576;77576;80000;80000;80000;96467;96468;92000;92000;75000;80000;80000;75000;75000;76667;77000
3548401;Santópolis do Aguapeí;90000;79232;87878;118180;78272;83066;83000;83000;113417;83000;80000;79500;76500;76500;65430;58140;64790;75890;75890;75000;75000
3506409;Bilac;64000;100000;92504;84141;78343;92182;90913;91000;75594;91000;91000;85350;71000;78673;63014;64000;73000;74000;70000;70000;70000
3549250;São João de Iracema;70000;70000;79545;77354;78475;88637;100000;130000;74642;71995;80147;100000;69049;69049;71000;70974;58000;60000;60000;62000;72000
3525300;Jaú;75000;81081;85000;80000;78514;81781;80000;82000;82000;82988;83000;85000;74000;78000;70000;75035;80009;78010;80000;80000;75000
3519204;Iacri;55343;55343;98628;72280;78668;91762;70000;70000;80000;80000;80000;70000;70000;70000;70000;75000;75000;68000;70000;61000;69800
3549102;São João da Boa Vista;100000;83827;87000;80175;78685;81462;98000;98000;100000;98000;98000;82360;76000;78000;76000;76000;75000;75000;80000;80000;75000
3523602;Itirapina;100000;81641;64686;72939;78840;66019;67772;68181;70000;66103;71000;71000;71000;70000;49300;65000;65000;65000;70000;70000;70000
3552551;Suzanápolis;99889;100000;93125;85093;79289;87142;80000;0;90000;96979;96000;100000;60616;67493;58480;82469;80000;100000;70000;75000;76000
3543907;Rio Claro;85000;68910;79530;86823;79815;82495;85000;65177;90000;75000;75000;75000;75000;75000;53500;53500;75000;75000;72000;75000;75000
3519253;Iaras;NA;NA;NA;NA;80000;0;0;75000;75000;75000;120000;100000;100000;100000;100000;100000;70000;70000;70000;70000;68000
3534807;Ouro Verde;NA;NA;NA;NA;80000;84429;80000;87517;84200;84200;80000;80000;77369;77369;60000;65000;80000;70000;69000;70000;70000
3549201;São João das Duas Pontes;NA;NA;NA;NA;80000;79343;80000;80000;80000;42105;100000;80000;57273;70000;70000;80000;80000;80000;80000;76190;80000
3555000;Tupã;NA;NA;NA;NA;80000;96233;91636;70000;65000;70000;80000;120000;80000;60000;60000;75000;85000;60000;72170;75000;60000
3555208;Turiúba;NA;NA;NA;NA;80000;94625;100000;120000;123960;120000;120000;80415;80000;77624;60000;70000;94260;80000;80000;65000;90000
3557105;Votuporanga;NA;NA;NA;NA;80000;71799;90000;90000;90000;90000;86931;50000;90000;77332;70000;70000;70000;75000;75000;70000;70000
3555307;Turmalina;70000;80000;80000;21676;80000;89651;80000;78000;90000;78730;80000;80000;85000;70000;70000;60000;60000;80000;60000;75000;75000
3541208;Presidente Bernardes;80000;55000;70000;35000;80000;59597;100000;0;70000;86956;88000;70000;70600;70000;77000;54000;75000;75000;75000;75000;75000
3556958;Vitória Brasil;NA;NA;80000;58344;80000;99328;140000;119259;90000;86190;125000;110000;95000;95000;90000;100000;100000;100000;100000;85000;100000
3539301;Pirassununga;85000;80000;70074;65000;80000;93224;85000;85000;85000;85000;85000;85000;83023;90000;70000;80000;85000;85000;80000;90000;90000
3543808;Rinópolis;90000;80000;80000;71111;80000;79463;80000;80000;80000;80645;80000;80000;80000;80000;80000;75000;0;70000;47500;72500;55000
3501707;Américo Brasiliense;79242;80000;71600;71600;80000;81759;81760;80000;100000;100000;83895;83895;84000;84000;84000;75000;80000;80000;80000;80000;80000
3554201;Tejupá;NA;NA;75000;75000;80000;79462;80000;80000;80000;80000;80769;80769;80500;85000;74776;86000;86000;86000;86000;85500;0
3540804;Potirendaba;100000;100000;75000;75000;80000;110445;100000;100000;90000;90000;90000;90000;85000;85000;79000;80000;80000;100000;90000;83333;80000
3540408;Populina;NA;80000;80000;75464;80000;79523;100000;96428;90000;98700;96000;100000;96190;90000;80000;80000;80000;80000;80000;80000;80000
3542503;Reginópolis;70000;80000;65000;77000;80000;79455;80000;80000;80000;80000;80000;76300;76300;70000;77778;70000;83333;80000;80000;80000;75000
3500105;Adamantina;50000;80000;76311;77794;80000;81307;75000;100000;90000;80000;80000;75000;60000;70000;60000;80000;80000;80000;70000;75000;70000
3508207;Buritizal;75000;75000;75000;78000;80000;79471;85000;85000;85000;84824;85000;85000;70000;75000;75000;78000;80000;80000;80000;60000;60000
3530102;Mirandópolis;85000;NA;78010;78000;80000;78503;78000;78000;78000;78000;78000;78007;80000;78000;70000;78000;78000;70000;73683;74333;76778
3539707;Platina;70000;90000;90000;79071;80000;89399;81000;81000;80000;86000;79049;70400;65000;70000;66000;66000;66000;85000;73000;73000;80000
3541604;Promissão;70000;70000;76111;79765;80000;80000;75000;75000;80000;0;80000;80000;80000;80000;65430;59580;83360;67550;66090;65000;65000
3527405;Lucélia;70000;70000;79688;79810;80000;80464;87000;87000;87000;86986;87000;80000;63000;77000;64000;75000;75000;75000;68000;68000;70000
3545100;Salmourão;80000;80000;87000;79942;80000;84941;80000;80000;90000;100000;120000;120000;76000;75000;70000;75000;87000;88000;70000;90000;75000
3518206;Guararapes;90000;81838;79733;79995;80000;85875;90000;90000;90000;90000;90000;80000;85000;77002;75000;70000;70000;68000;70017;70000;75000
3530409;Mirassolândia;NA;NA;NA;80000;80000;79513;100000;80000;80000;80000;80000;70000;80000;80000;73708;80000;80000;90000;70000;75000;70000
3547007;Santa Maria da Serra;80000;60000;60000;80000;80000;79463;60000;79464;79464;79464;80000;70000;80000;92632;64842;78863;65000;65000;67000;65000;65667
3528858;Marapoama;90000;70000;62796;80000;80000;79463;70000;80000;80000;80000;80000;80000;90000;90000;72000;90000;85653;90000;90000;90000;90000
3532603;Nhandeara;60000;60000;70000;80000;80000;79463;80000;90000;90000;90000;90000;90000;90000;80000;70000;75000;75000;90000;80000;80000;80000
3521903;Itajobi;80000;75000;70000;80000;80000;82128;70000;80000;80000;80000;80000;80000;80000;80000;70000;70000;80000;80000;90000;76000;90000
3555604;Uchoa;78555;80000;70000;80000;80000;79470;80000;80000;75000;80000;80000;80000;80000;80000;70000;80000;110000;110000;90000;90000;80000
3520905;Ipaussu;75000;75000;75000;80000;80000;79471;70000;80000;80000;80000;80000;80000;80000;80000;80000;80000;75000;75000;72000;80000;79000
3529807;Mineiros do Tietê;90000;80000;79090;80000;80000;79470;80000;80000;80000;80000;80000;80000;67000;83784;70000;83000;83000;80000;76000;80000;75000
3533502;Novo Horizonte;80000;78712;79629;80000;80000;82142;90000;80000;90000;90000;90000;90000;90000;90000;80000;90000;90000;90000;74988;70000;84000
3520509;Indaiatuba;NA;NA;80000;80000;80000;79463;120000;80000;80000;82000;80000;80000;80000;80000;79000;80000;80000;80000;79000;79000;84000
3503505;Areias;80000;NA;80000;80000;80000;60173;60000;0;60000;60000;60000;60000;60000;60000;60000;60000;0;60000;60000;65000;60000
3504800;Bálsamo;60000;60000;80000;80000;80000;79464;100000;100000;100000;90000;90000;90000;89024;99600;70000;70000;70000;80000;70000;80000;80000
3530300;Mirassol;80000;60000;80000;80000;80000;79464;80000;90000;80000;80000;80000;80000;82857;90000;80000;85000;85000;85000;85000;85000;85000
3554706;Torrinha;69926;70000;80000;80000;80000;79472;80000;80000;85000;85000;85000;85000;85000;75000;80000;74000;74000;70000;60000;80000;75000
3510302;Capela do Alto;80000;70000;80000;80000;80000;79463;100000;100000;100000;100000;90000;90000;90000;100000;100000;100000;90000;90000;90000;83000;89334
3525102;Jardinópolis;80000;70000;80000;80000;80000;82144;80000;80035;80000;120000;89998;89999;79985;79985;74100;80000;80000;80000;80000;80000;80000
3551702;Sertãozinho;82000;74764;80000;80000;80000;82148;80000;78125;83000;80000;80000;79000;79000;79000;55300;79000;80000;85000;85000;85000;85000
3514106;Dois Córregos;75000;75000;80000;80000;80000;81575;80000;80000;80000;80000;80000;85000;85000;85000;85000;85000;85000;85000;85000;85000;75000
3543600;Rifaina;NA;80000;80000;80000;80000;79614;80000;80000;80000;85000;85000;90000;90000;70000;70000;70000;80000;80000;75000;75000;90000
3532504;Neves Paulista;60000;80000;80000;80000;80000;79462;80000;80000;80000;90000;90000;90000;80000;80000;70000;70000;80000;80000;80000;80000;80000
3516200;Franca;70000;80000;80000;80000;80000;79463;80000;80000;80000;80000;80000;80000;80000;80000;80000;80000;80000;80000;80000;80000;80000
3534005;Onda Verde;70000;80000;80000;80000;80000;79463;85000;80000;85000;85000;80000;79000;80000;83000;85000;70000;82892;83000;70550;75000;75000
3545407;Salto Grande;70000;80000;80000;80000;80000;79488;80000;80000;80000;80000;80000;80000;80000;66667;80000;80000;70000;90000;84000;80000;79000
3510807;Casa Branca;75000;80000;80000;80000;80000;82146;100000;100000;100000;100000;100000;100000;98000;90000;90000;89091;89091;94091;100000;100000;94394
3502101;Andradina;80000;80000;80000;80000;80000;80423;80000;80000;80000;67114;80000;90000;80000;80000;70000;70000;70000;70000;75000;70000;70000
3503406;Arealva;80000;80000;80000;80000;80000;79463;80000;90000;80000;80000;80000;81500;81500;81500;76297;76248;72125;75000;80000;77000;72000
3511003;Castilho;80000;80000;80000;80000;80000;63609;90000;90000;90000;85000;90000;90000;90000;80000;70000;70000;75000;75000;75000;70281;73427
3515202;Estrela d'Oeste;80000;80000;80000;80000;80000;79463;80000;83000;96000;69446;96000;80000;75000;75000;70000;80000;80000;80000;80000;80000;80000
3523800;Itobi;80000;80000;80000;80000;80000;79463;80000;80000;80000;80000;80000;80000;90000;100000;100000;80000;80000;80000;80000;80556;80000
3532702;Nipoã;80000;80000;80000;80000;80000;79476;80000;80000;80000;90000;90000;90000;80000;77714;80000;80000;80000;80000;80000;70000;70000
3537008;Pedregulho;80000;80000;80000;80000;80000;79463;80000;80000;80000;82000;82000;78000;62826;80000;65000;65000;80000;80000;80000;75000;80000
3537503;Pereiras;80000;80000;80000;80000;80000;71615;72000;80000;72000;0;80000;65000;65000;84286;82000;82000;82000;82000;0;72400;82000
3547908;Santo Antônio da Alegria;80000;80000;80000;80000;80000;79436;80000;56354;80000;80000;80000;80000;0;84848;74100;80000;80000;80000;80000;80000;80000
3551504;Serrana;80000;80000;80000;80000;80000;79475;80000;80000;83000;85000;85000;85000;80000;82000;74100;74000;80000;74000;74000;74000;74000
3553302;Tambaú;80000;80000;80000;80000;80000;77518;80000;80000;80000;80000;80000;80000;71400;70000;50000;80000;80000;80000;90000;90000;80000
3553708;Taquaritinga;80000;80000;80000;80000;80000;82145;95000;95000;95000;95000;90000;90000;88000;88000;60200;90000;90000;90000;89000;90000;87000
3554003;Tatuí;80000;80000;80000;80000;80000;89409;80000;80000;89409;100041;89000;89000;0;80000;80000;80000;31699;80000;80000;80000;80000
3518859;Guatapará;80001;80000;80000;80000;80000;82149;80000;80000;90000;80000;80001;73001;73000;73033;74100;73001;73001;73001;73001;73001;73001
3557303;Estiva Gerbi;81111;80000;80000;80000;80000;79463;80000;67000;67000;67000;80000;80000;80000;85000;72250;70000;90000;90000;45000;77500;100000
3525706;José Bonifácio;100000;80000;80000;80000;80000;118680;80000;100000;90000;90000;90000;90000;99048;90000;60000;60606;80000;70000;70000;70000;80000
3521507;Irapuã;120000;80000;80000;80000;80000;79463;70000;80000;80000;80000;80000;80000;90000;90000;72000;80000;90000;90000;83367;90000;98000
3522703;Itápolis;80000;80000;80666;80000;80000;82153;80000;80000;80000;80000;80000;80000;85000;85000;60000;60000;66000;66000;90000;90000;87000
3533601;Nuporanga;80000;80000;80903;80000;80000;77019;80000;80000;80000;80000;80000;80000;80000;80000;80000;80000;80000;80000;80000;80000;80000
3505203;Bariri;70000;70000;81250;80000;80000;79469;80000;80000;80000;80000;80000;80000;75000;80000;75000;77000;80000;82000;75000;78000;75000
3546207;Santa Cruz da Conceição;70000;80000;89200;80000;80000;79483;90000;72580;55434;80000;80000;80000;70000;72000;66000;70000;80000;80000;80000;75000;75000
3512209;Conchal;80000;80000;90000;80000;80000;79463;81176;100000;80000;80000;82222;74026;90000;57273;51000;60377;85000;85211;85211;75000;75000
3507407;Borborema;80000;80000;90742;80000;80000;79474;80000;80000;90000;90000;90000;90000;90000;90000;72000;82000;90000;90000;75000;82000;82000
3535002;Palestina;100000;70000;100000;80000;80000;79464;100000;80000;80000;80000;80000;80000;80000;80000;80000;80000;90000;106061;63618;75000;80000
3541059;Pratânia;77996;80000;77597;80003;80000;79481;80000;80000;80000;70000;83333;80000;80000;80000;70000;70000;70000;85000;84639;85119;85119
3502804;Araçatuba;80000;71820;80000;81000;80000;82278;80000;100000;100000;90000;100000;80000;80000;80000;60000;75000;68354;65000;80000;75000;80000
3548054;Santo Antônio do Aracanguá;90000;82058;80000;82000;80000;91771;83000;83000;85000;90000;90000;80000;85000;100000;60000;100000;64663;65000;70203;70000;72000
3548005;Santo Antônio de Posse;82000;82000;82000;82000;80000;84430;86000;81000;81000;81000;85000;73000;73000;73000;68000;75000;75000;85000;58000;50000;70000
3506201;Bento de Abreu;85000;78461;76206;85000;80000;84437;85000;90000;90000;80000;90000;80000;80000;75955;63000;75000;77000;77000;80000;71656;75000
3541406;Presidente Prudente;70000;70000;70000;88000;80000;79469;80000;80000;90000;60000;80000;70000;71600;66000;62300;64761;71698;79800;79800;79800;80000
3517703;Guará;68000;80000;80000;88000;80000;82132;80000;80000;85000;85000;85000;85000;85000;85000;85000;80000;80000;80000;80026;80000;80000
3547502;Santa Rita do Passa Quatro;75000;70133;59756;90000;80000;84438;85000;85000;80028;80000;80000;85000;60000;80000;80000;80000;80000;80000;80000;70000;70000
3526407;Laranjal Paulista;70000;NA;80000;90000;80000;79463;90000;90000;85000;90000;100000;90000;90000;90000;0;0;100000;100000;100000;73000;73000
3525409;Jeriquara;100000;100000;100000;100000;80000;89396;90000;80000;80000;75000;75000;80000;70000;100000;60000;70000;75000;80000;80000;80000;80000
3551306;Sebastianópolis do Sul;60000;60000;80000;120000;80000;99363;123000;100000;100000;90000;90000;90000;70000;80000;60000;80000;80000;80000;70000;70000;70000
3514403;Dracena;NA;NA;NA;NA;80000;99329;110000;113468;110000;110000;90742;80000;69862;94192;58209;73134;75000;70000;70000;70000;70000
3546702;Santa Gertrudes;72000;72000;87867;91511;80384;81179;87790;81687;80000;79000;79000;79000;85000;81000;52360;52360;65000;65000;70000;73000;73000
3507001;Boituva;70000;80000;80000;80000;80500;79475;109368;109733;108319;100000;91530;91530;0;100000;83333;100000;100000;100000;80000;73333;100000
3512704;Corumbataí;80000;80000;66850;120000;80838;93076;100000;81093;80000;72000;72000;72000;71000;75000;49680;65000;65000;65000;70000;70000;70000
3548906;São Carlos;75000;80000;85000;80971;80971;83135;84000;84000;84000;84000;86651;85028;85000;85000;80000;83000;85000;80000;80000;80000;85000
3556404;Vargem Grande do Sul;91000;90000;87000;80586;81000;81450;85000;90000;85000;90001;100000;76650;90000;90138;89988;75278;119995;120000;120000;90000;75000
3541653;Quadra;80000;80000;80000;81000;81000;79463;145000;100000;100000;100000;90000;90000;0;100000;100000;100000;90000;90000;90000;84066;90000
3542206;Rancharia;60000;60000;60000;81066;81066;80467;80000;80000;82272;80000;85000;76000;85000;84636;76500;80001;77268;69272;58044;58044;73382
3503604;Areiópolis;90000;90000;79411;80000;81212;89409;90000;90000;90000;90000;91836;90000;80000;80000;68000;76000;88000;83000;83000;84438;84444
3556305;Valparaíso;85119;86086;80600;90000;81458;72000;80000;69999;80000;72000;72000;72000;72000;80000;62000;75000;82382;84000;82000;82000;82000
3504404;Avanhandava;84317;NA;78892;67806;82000;73000;100000;100000;80000;80000;83000;83000;80000;85000;65430;50000;76530;61900;61900;75000;66000
3553005;Taguaí;NA;NA;66000;80000;82000;80230;80000;80000;80000;81000;80000;82000;81500;85000;86000;0;0;0;0;0;0
3551207;Sarutaiá;NA;NA;75157;80000;82000;79663;80000;80000;80000;80000;80000;81500;81500;90000;90000;90000;90000;90000;90000;90000;90000
3554607;Timburi;NA;NA;80000;80000;82000;79578;92000;80000;80000;80500;80769;80000;80000;86000;86000;80000;80000;80000;80000;80000;80000
3538808;Piraju;NA;100000;80000;80000;82000;79578;100000;80000;80000;80000;80000;81700;82000;91000;70000;70000;75000;75000;80000;80000;80000
3528601;Manduri;NA;NA;80000;82000;82000;79462;100000;80000;81000;80771;81000;81000;81000;90476;88000;94000;94000;94000;94000;85540;85540
3512902;Cosmorama;NA;NA;NA;NA;82000;99329;100000;100000;80000;100000;100000;88692;60000;70000;70000;70000;80000;80000;80000;70000;70000
3522307;Itapetininga;80000;63333;86206;82254;82300;69530;80000;92000;80961;78000;79058;83500;73000;83000;78260;80000;80000;80000;80000;80000;80000
3518503;Guareí;NA;82644;98266;82286;82300;74497;76000;95000;100000;71428;95625;71000;80000;75349;70000;80000;65000;80000;80000;80000;80000
3516507;Gabriel Monteiro;70000;89804;91711;79762;82325;88220;84717;84650;79100;83000;80008;78850;68000;79000;70000;71473;85119;77861;80000;80000;80000
3536307;Patrocínio Paulista;80000;90000;90000;90000;82968;89410;90000;110000;100000;100000;100000;100000;87000;85000;75000;80000;80000;80000;80000;80000;80000
3502200;Angatuba;NA;NA;112982;82271;83000;74732;70152;75000;75000;84615;95000;88600;85000;100000;78000;100000;100000;100000;85000;85000;90000
3552304;Sud Mennucci;75000;68000;73469;89056;83204;74462;90000;90000;80333;73316;77000;70000;66094;78231;72526;64912;75000;82000;82000;75000;77333
3509809;Campos Novos Paulista;65000;75000;83406;83400;83400;82442;100000;83333;90000;90000;90000;90000;90000;90000;64000;65000;70000;70000;69000;40000;78960
3519303;Ibaté;80000;80000;93000;83553;83553;85788;84000;84000;84000;84200;84200;89714;92973;80000;60079;70000;82000;85000;85000;85000;85000
3527108;Lins;80000;73617;76932;78206;83950;71524;74167;63000;90000;100000;75000;75000;0;83000;75000;80000;83000;76000;82000;75000;70000
3544400;Rubiácea;80000;80000;82884;84000;84000;56814;120000;100000;100000;100000;100000;80000;90000;74290;73000;71000;79639;90000;82000;77000;85000
3527256;Lourdes;118333;80000;117704;114299;84187;81185;114000;114000;102000;102000;113952;73540;73500;73500;62000;70000;79800;63000;72000;70000;78000
3537701;Piacatu;80000;80000;83333;95446;84364;87453;100015;100000;77889;120000;120011;78750;79000;71777;70000;80000;80000;80000;70000;70000;70000
3528304;Magda;65000;70000;54883;82059;84395;89951;85000;85000;74755;81744;85000;85000;62295;62300;69000;75131;76000;75000;75000;75000;65000
3543709;Rincão;50000;60000;71600;70000;84450;86704;53571;82000;80000;80000;80000;80000;70000;75000;75000;75000;75000;75000;75000;75000;75000
3504206;Auriflama;80000;NA;85083;88050;84536;79451;120000;120000;81000;0;80000;80000;79781;74223;74223;66360;70000;70000;70000;75000;70000
3506003;Bauru;70000;70000;60000;49075;84612;87553;80000;86937;88100;88100;88100;70000;70000;70000;76482;70000;70000;70000;65000;65000;70000
3516804;Gastão Vidigal;66000;NA;NA;NA;85000;0;125000;125000;95000;125000;125000;125000;75000;75000;60000;75000;75000;75000;79444;83000;80000
3544004;Rio das Pedras;60000;80000;80000;80000;85000;87282;80000;80000;80000;90000;90000;75000;80000;80000;56000;68400;65000;65055;67000;66000;66000
3506300;Bernardino de Campos;70000;80000;80000;80000;85000;79463;70000;80000;80000;80923;80000;81000;81000;80000;80000;80000;80000;80000;80000;80000;80000
3528809;Maracaí;70000;90000;90000;80221;85000;92413;81395;85000;84617;87959;83699;74400;74971;75000;73000;75000;75000;87000;90000;90000;90000
3532157;Nantes;64000;85000;64000;85000;85000;84430;85000;65000;85000;85000;85000;76000;85000;69214;76500;80004;90460;80890;65800;65800;80017
3533304;Nova Luzitânia;100000;85000;80000;85000;85000;77907;85000;85020;85000;80000;81000;75000;80000;80000;60000;70000;67206;59071;67094;68000;72000
3533809;Óleo;80000;90000;81000;85000;85000;79462;75000;80000;80000;80000;80000;81500;81500;90000;90000;90000;90000;90000;85000;85000;85000
3546306;Santa Cruz das Palmeiras;85000;85000;81818;85000;85000;84214;82000;82000;85000;85000;85000;90000;86300;84100;75000;78000;85000;80000;80000;82000;82000
3507902;Brotas;82000;82000;83333;85000;85000;87280;90000;90000;90000;86000;86000;80000;80000;82552;80000;80000;82090;80000;80000;82000;75000
3505906;Batatais;80000;75000;83870;85000;85000;86891;85000;84915;85000;85000;78000;85000;85000;85000;74100;85000;85000;85000;85000;85000;85000
3511201;Catiguá;80000;70000;84285;85000;85000;84440;75000;85000;85000;85000;85000;90000;70000;70000;56000;60000;82000;80000;85000;85000;85000
3538105;Pindorama;60000;70000;85000;85000;85000;84442;70000;85000;85000;85000;85000;70000;70000;70000;70000;80000;90000;85000;85000;75000;80000
3552601;Tabapuã;70000;70000;85000;85000;85000;84438;80000;85000;90000;90000;90000;90000;90000;90000;70000;90000;90000;90000;90000;85000;85000
3535101;Palmares Paulista;75000;70000;85000;85000;85000;84443;70000;85000;85000;85000;85000;80000;70000;80000;56000;70000;75000;85000;85000;64000;76667
3545605;Santa Adélia;75000;75000;85000;85000;85000;87397;63000;90000;90000;84069;90000;90000;90000;90000;72000;90000;90000;90000;80000;75000;75000
3514957;Embaúba;78200;78200;85000;85000;85000;82772;85000;85000;85000;85000;85000;90000;70000;90000;80000;80000;80000;80000;85000;85000;85000
3533254;Novais;80000;80000;85000;85000;85000;84439;70000;85000;85000;85000;85000;85000;75000;75000;70000;70000;70000;75000;75000;75000;80000
3536604;Paulo de Faria;83000;83333;85000;85000;85000;87282;85000;90000;85000;85000;85000;85000;85000;85000;85000;85000;80000;83784;90000;78000;85000
3502002;Analândia;85000;85000;85000;85000;85000;84430;85000;85000;85000;85000;85000;85000;63143;85000;85000;85000;85000;85000;85000;85000;85000
3552700;Tabatinga;85000;85000;85000;85000;85000;84437;85000;85000;88000;88000;90000;90000;90000;90000;64000;64000;88000;80000;70000;69360;72000
3503703;Ariranha;77000;70000;85555;85000;85000;84438;80000;80000;80000;80000;80000;80000;80000;80000;64000;70000;89247;85000;85000;73000;73000
3535705;Paraíso;70000;75000;87500;85000;85000;84439;60000;85000;85000;85000;85000;80000;80000;80000;70000;83189;80500;80500;80500;80500;80500
3553609;Tapiratiba;80000;80000;88000;85000;85000;84430;85000;90000;84000;84000;90000;85000;85000;95200;95200;95200;95200;95200;95200;80000;95200
3519501;Ibirarema;70000;80000;80000;85624;85000;84440;78000;90000;85000;91000;83699;72250;65000;65000;65000;65000;65000;100000;85000;85000;75000
3534609;Osvaldo Cruz;100000;90000;80000;86971;85000;75606;90000;90000;90000;100000;100000;100000;70000;70000;70000;70000;70000;70000;70000;70000;70000
3515806;Flora Rica;NA;70000;119211;88000;85000;75927;100000;100000;100000;50000;50000;50000;70000;70000;60000;70000;60000;60000;70000;75000;75000
3516903;General Salgado;98000;64021;78081;86278;85425;85466;96410;96410;82372;80000;80000;80000;62998;69000;69000;66300;61000;65000;65000;65000;65144
3500303;Aguaí;80000;NA;87000;86089;86000;85434;85000;85000;89080;90000;95000;90000;90000;100000;100000;80000;90000;90000;85000;85000;85000
3551900;Severínia;70000;70000;63653;94000;86000;94368;85000;85000;85000;80000;85000;75000;75000;85000;65000;73000;80000;80000;65000;70000;75000
3534906;Pacaembu;NA;NA;80474;41880;87000;77486;120000;120000;90000;100000;110000;82000;60000;75000;60000;70000;70000;70000;70000;70000;70000
3553955;Tarumã;93000;94000;93885;86238;87000;92415;93440;90000;87100;96000;88350;79867;82000;90000;83000;90000;74000;86000;93000;85000;90000
3540705;Porto Ferreira;60000;60000;60000;72857;87500;99329;100000;100000;100000;100000;100000;90000;80000;85000;65000;65000;65000;60000;90000;90000;100000
3508801;Cafelândia;80000;80000;58555;73269;87533;89413;100000;0;90000;100000;88000;88000;0;90000;64000;65000;76572;71200;70000;63000;75001
3537156;Pedrinhas Paulista;NA;NA;NA;87889;87705;98900;100000;115000;127048;102000;93000;84600;90000;85000;85000;81098;75000;85000;90000;85000;100000
3524303;Jaboticabal;75000;75000;90000;90000;87804;92003;80000;90000;90000;100000;100000;85000;75000;75000;82947;80000;85000;85000;85000;85000;90000
3515129;Emilianópolis;NA;NA;NA;88000;87932;118680;120000;75000;74729;100000;100000;70000;71000;70000;75919;100000;100000;100000;100000;100000;100000
3526704;Leme;75000;85000;92180;87890;88000;95492;90000;90000;90000;106000;63930;80000;71000;80000;60000;90000;90015;90015;90015;92700;92700
3531902;Morro Agudo;70000;80000;100000;90000;88000;90474;82000;82000;90000;82000;82000;82000;82180;82182;70000;80000;82000;82000;82000;77000;77000
3533908;Olímpia;70000;72727;90000;90000;88163;90528;90000;90000;90000;90000;85000;75000;70000;85714;80000;75000;75000;80000;75000;75000;75000
3550100;São Manuel;90000;82173;86538;90000;88775;92084;90000;90000;90000;83435;92782;90000;90000;80000;80000;70000;70000;60000;80000;79991;79991
3521309;Ipuã;102068;80000;80000;89000;89000;82925;90000;90000;90000;90000;90000;90000;80000;80000;80000;80000;80000;80000;80000;75000;75000
3539509;Pitangueiras;75748;90000;90000;90000;89718;86890;85000;86328;75000;90000;100000;90000;80000;85000;75000;80000;85000;85000;85000;85000;85000
3520442;Ilha Solteira;NA;NA;NA;NA;90000;94484;90000;90000;90000;90000;80153;70000;69957;75693;74000;81874;86000;85086;85000;75000;83987
3533106;Nova Guataporanga;NA;NA;NA;NA;90000;99328;95000;100000;100000;100000;100000;100000;74324;75000;61111;65763;75000;73000;70000;65000;65000
3537404;Pereira Barreto;100000;90000;91047;56932;90000;74773;90000;90000;90000;92856;92000;92000;68807;76070;57204;75050;78000;70000;60000;70000;70017
3534302;Orlândia;65000;75001;82352;68000;90000;92410;90000;92000;92000;90000;90000;90000;80000;85000;75000;70000;80000;80000;80000;72000;72000
3507456;Borebi;70000;70000;70513;71305;90000;85483;70000;80000;80000;80000;80000;80000;80000;80000;69947;69947;90000;80000;68000;68000;72500
3532900;Nova Europa;80000;80000;71600;71600;90000;89409;89410;80000;85000;85000;94182;94183;90000;90000;90000;75000;85000;72250;68000;81667;89014
3530805;Mogi Mirim;80000;80000;80000;76909;90000;89396;90000;90000;90000;90000;85000;75000;75000;85000;70000;75000;85000;85000;83500;50000;70000
3524105;Ituverava;68000;80000;78571;77000;90000;92412;90000;90000;90000;80000;80000;80000;85000;85000;80000;80000;85000;85000;85000;85000;85000
3524709;Jaguariúna;80000;70000;80000;80000;90000;99329;80000;100000;100000;100000;52000;83000;83000;83000;70000;80000;80000;80000;80000;80000;80000
3511508;Cerquilho;80000;80000;80000;80000;90000;89396;90000;95000;95000;92000;100000;92000;112073;90000;90000;90000;95436;90000;90000;90000;90000
3539004;Pirangi;80000;80000;80000;80000;90000;89396;90000;90000;80000;80000;80000;80000;80000;80000;68000;75000;80000;82000;70000;70000;80000
3530706;Mogi Guaçu;82000;80000;80000;80000;90000;79473;80075;80000;100000;100000;100000;100000;85000;100000;80000;80000;70000;80000;70000;50000;70000
3510005;Cândido Mota;80000;80000;82000;82000;90000;80466;82000;90000;81921;88995;79050;76260;82000;85000;80000;95000;74000;80000;83000;83000;83000
3514924;Elisiário;65757;70000;85000;85000;90000;89396;90000;90000;90000;90000;90000;90000;82000;90000;72000;72000;90000;90000;72000;66000;66000
3511102;Catanduva;70000;67888;86206;85000;90000;89402;80000;90000;90000;90000;90000;80000;80000;79966;73000;73000;85000;85000;85000;81000;83667
3554409;Terra Roxa;80000;96969;83870;89000;90000;92417;100000;85000;85000;90000;90000;65000;85000;85000;68000;75000;80000;80000;75000;80000;80000
3516002;Flórida Paulista;70000;70000;72661;90000;90000;80090;90000;90000;90000;90000;80000;75000;70000;70000;70000;70000;70000;70000;70000;70000;70000
3520004;Igaraçu do Tietê;90000;90000;77654;90000;90000;89406;85000;88000;88000;88000;88000;88000;75000;83001;70000;86000;82000;83000;85000;75000;75000
3505302;Barra Bonita;90000;90000;78888;90000;90000;89406;85000;85000;88000;88000;88000;88000;75000;83000;72000;86000;85000;85000;85000;75000;75000
3505609;Barrinha;80000;80000;80000;90000;90000;89404;90000;90000;90000;90000;90000;79000;75000;80000;75000;75000;80000;85000;85000;85000;85000
3514601;Dumont;80000;80000;80000;90000;90000;89407;90000;90000;90000;90000;90000;79000;75000;80000;80000;80000;80000;85000;85000;85000;85000
3539608;Planalto;80000;80000;80000;90000;90000;89396;90000;90000;90000;90000;90000;88375;80000;80454;62500;78000;76862;80000;76900;70000;60000
3522901;Itapuí;90000;90000;80000;90000;90000;89406;90000;100000;100000;97000;100000;100000;85000;85000;85000;85000;85000;85000;75000;80000;75000
3524204;Jaborandi;80000;80000;81333;90000;90000;92399;90000;90000;90000;90000;90000;75000;75000;75000;75000;75000;80000;75000;78000;76000;76333
3521408;Iracemápolis;90000;90000;84337;90000;90000;89406;92169;85000;90000;90000;90000;85000;85000;85000;86659;85000;85000;86659;81694;85500;85667
3506102;Bebedouro;90000;87906;85000;90000;90000;92405;89981;90000;90000;90000;90000;65000;80000;80000;70000;78000;82000;82000;65000;75000;75000
3533007;Nova Granada;70000;70000;90000;90000;90000;89396;75000;90000;100000;100000;85000;85000;85000;85000;80000;85000;72000;70000;70000;80000;75000
3514007;Dobrada;70000;72000;90000;90000;90000;89405;95000;95000;93739;83877;90000;90000;85918;85918;60200;90000;90000;90000;89000;90000;90000
3503307;Araras;70000;77931;90000;90000;90000;92411;83000;83000;90000;87735;93000;90000;78000;69333;0;68000;80000;80000;76444;80000;80000
3518602;Guariba;75000;80000;90000;90000;90000;92413;80000;90000;90000;90000;90000;85000;85644;85644;85000;85000;85000;85000;85000;85000;90000
3546504;Santa Ernestina;80000;90000;90000;90000;90000;89409;95000;95000;95000;90000;90000;90000;87143;85915;60200;90000;90000;90000;89000;90000;87000
3505500;Barretos;90000;90000;90000;90000;90000;92001;90000;90000;90000;90000;90000;85000;70000;80000;80000;80000;90000;90000;81000;83667;84889
3512001;Colina;90000;90000;90000;90000;90000;82133;80000;80000;80000;80000;80000;75000;80000;80000;78000;78000;85000;85000;80000;81000;82000
3546405;Santa Cruz do Rio Pardo;90000;90000;90000;90000;90000;89403;80000;90000;80000;80000;80000;80000;80000;83333;80000;65000;65000;68000;70000;70000;67667
3553658;Taquaral;90000;90000;90000;90000;90000;89396;85000;98000;9000;85000;85000;80000;72034;72034;72034;80000;80000;80000;70000;75000;75000
3544202;Riolândia;90000;95000;90000;90000;90000;89413;95000;120000;90000;90000;80054;79604;80000;81603;70000;80000;90000;90000;92000;92000;92000
3511409;Cerqueira César;90000;100000;90000;90000;90000;89396;100000;100000;90000;100000;90000;90000;90000;90000;90000;75000;85000;80000;75000;80000;75000
3506805;Bocaina;80000;81000;95000;90000;90000;89404;90000;90000;90000;90000;90000;90000;90000;90000;90000;80000;80000;80000;80000;75000;75000
3540259;Pontalinda;90000;30000;60000;91538;90000;79462;80000;72500;90000;89400;96000;100000;80000;88016;80000;100000;100000;100000;100000;100000;100000
3501905;Amparo;90000;90000;100000;100000;90000;99360;110000;110000;110000;110000;110000;100000;80000;80000;72628;60000;60000;60000;60000;60000;60000
3549508;São José da Bela Vista;100000;100000;100000;100000;90000;89406;90000;90000;90000;90000;90000;100000;100000;82247;70000;70000;80000;100000;100000;85000;100000
3556909;Vista Alegre do Alto;100000;100000;102857;100000;90000;89396;76500;76000;89761;80000;80000;80000;90000;100000;82000;99540;96000;90000;95000;90000;87000
3514908;Elias Fausto;95000;69214;90476;120000;90000;87417;90000;80000;90000;90000;75000;75000;75000;90000;69000;80000;80000;76000;79000;79000;80000
3515608;Fernando Prestes;100000;100000;100000;100000;90566;99329;100000;100000;100000;100000;100000;100000;105882;105882;60200;60200;70000;70000;90000;85000;85000
3553203;Taiúva;70000;80000;80000;80000;91000;92391;95000;95000;95000;94000;90000;85000;85000;85000;75000;77000;85000;85000;75000;75000;75000
3556800;Viradouro;90000;90322;84615;90383;91000;93442;90000;90000;85000;86000;80000;65000;80000;80000;64000;75000;80000;80000;75000;80000;80000
3516101;Florínea;90000;87500;100000;110000;91353;88413;100000;95000;90000;95480;89279;90250;83000;85000;80000;88014;65000;95000;95000;110000;95000
3503356;Arco-Íris;NA;NA;76923;75190;91939;91552;90000;90000;75000;72000;72000;80000;80000;76000;61000;75000;75000;61000;82800;70000;75000
3519907;Iepê;65000;80000;80000;80000;92170;91396;78000;80000;80000;80000;80000;72000;80001;62422;58500;67002;79470;75651;70079;70079;70870
3507308;Boracéia;90000;67500;90000;100000;92857;98900;100000;90000;90000;90000;90000;90000;90000;90000;90000;85000;85000;85000;85000;80000;75000
3529708;Miguelópolis;100000;93750;100000;100000;93750;102225;100742;100000;90000;90000;90000;90000;90700;90715;90036;80071;90000;90036;90036;90000;90000
3506508;Birigui;70000;70000;80000;80000;93961;95575;80000;80000;90000;133000;108000;76330;77000;77725;70000;70000;80000;80000;80000;60000;60000
3531506;Monte Azul Paulista;85000;85000;84782;85000;94000;92388;90000;90000;94000;90000;90000;71000;80000;80000;75000;75000;80000;85000;75000;73000;70000
3511607;Cesário Lange;150000;81081;82000;82000;94059;79463;90000;80000;100000;80000;95238;95238;90000;88000;50000;80000;80000;80000;80000;80000;80000
3521804;Itaí;50000;83333;100000;100000;95454;98899;80000;80000;90000;80000;80000;80000;80000;80000;70000;80000;70000;70000;45000;75000;75000
3527702;Luiziânia;70000;62500;70000;70023;96000;79000;90000;90000;75000;75000;80000;75000;80000;70000;65430;62720;75790;68330;68330;70000;70000
3512100;Colômbia;64000;97000;96916;97000;97000;79467;82000;80000;82000;82000;82000;80000;72000;68597;75000;75000;80000;80372;80000;80000;80000
3515186;Espírito Santo do Pinhal;60000;60000;85000;97580;97000;89396;80000;85000;85000;80000;90000;80000;80000;80000;80000;75000;80000;59674;70000;70000;80000
3522604;Itapira;75000;72000;75000;100000;97206;98900;100000;90000;90000;90000;80000;85000;85000;85000;76500;66000;66000;50000;52000;60000;60000
3509304;Cajobi;85000;79993;85000;97780;97447;89413;90000;90000;90000;90000;90000;90000;78000;90000;78000;78000;80000;80000;80000;90000;100000
3535309;Palmital;60000;85000;85000;98046;97454;89404;85000;100000;98131;98139;93000;72250;70000;70000;68000;68000;75000;75000;80000;80000;80000
3554508;Tietê;99337;85714;100000;100000;98000;98899;100000;100000;100000;75000;70588;82192;82000;64412;75000;75000;75000;75000;75000;75000;75000
3544608;Sabino;60000;40000;51085;52000;98070;75982;14000;140000;76480;120000;110000;120000;0;90000;70000;76000;80000;74000;80000;64004;77111
3518909;Guzolândia;64006;65000;53148;104109;98274;90067;100000;70026;87816;78356;70000;70000;47063;60000;70000;66360;72000;72000;72000;65000;70000
3553104;Taiaçu;95000;95000;85000;85000;99000;98353;85000;85000;90000;90000;90000;85000;85000;85000;80000;82000;83000;83000;70000;75000;75000
3557154;Zacarias;NA;NA;NA;NA;100000;99329;120000;120000;122663;120000;100000;88240;88000;83016;70000;80000;80000;80000;80000;80000;80000
3551603;Serra Negra;60000;60000;60000;60000;100000;99401;80000;100000;100000;100000;52000;85000;70000;70000;70000;80000;80000;80000;80000;80000;80000
3555356;Ubarana;80000;80000;96952;62483;100000;79739;60000;80000;80000;80000;80000;80000;80000;80000;80000;80000;90000;90000;90000;90000;90000
3518008;Guarani d'Oeste;75000;75000;60000;65003;100000;119200;100000;80000;100000;110000;93023;80000;75000;75000;80000;80000;80000;80000;80000;72000;80000
3532868;Nova Castilho;70000;10000;86553;65934;100000;94214;120000;100000;72000;100000;90000;78261;65675;75117;65000;60734;61000;61000;61000;75000;65000
3549805;São José do Rio Preto;80000;80000;70000;70000;100000;79463;80000;85000;80000;90000;90000;90000;80000;80000;70000;80000;80000;80000;100000;80000;80000
3532801;Nova Aliança;NA;NA;80000;80000;100000;118680;123333;120000;90000;90000;90000;90000;90000;80000;75000;80000;90000;90000;90341;80000;80000
3504602;Bady Bassitt;70000;NA;80000;80000;100000;80104;90000;80000;80000;80000;80000;80000;80000;80000;80000;80000;90000;90000;90000;85000;85000
3511300;Cedral;80000;80000;80000;80000;100000;79463;100000;110000;85000;80000;80000;80000;80000;80000;75000;80000;100000;100000;90000;80000;75000
3529203;Martinópolis;60000;NA;60000;100000;100000;89407;90000;90000;90000;90000;90000;70000;70600;73651;77000;88891;84000;84000;87361;87361;85494
3532207;Narandiba;NA;70000;70000;100000;100000;89396;90000;90000;90000;90000;90000;70000;70600;70000;80000;90000;80000;70000;89999;89999;83332
3519600;Ibitinga;60000;60000;80000;100000;100000;79475;100000;80000;85000;85000;110000;110000;100000;100000;83000;85000;95000;95000;85016;75000;82000
3519055;Holambra;NA;80000;80000;100000;100000;99329;100000;100000;110000;110000;52000;100000;85000;85000;60000;60000;130000;130000;130000;130000;130000
3510104;Cândido Rodrigues;90000;90000;90000;100000;100000;99329;100000;100000;100000;90000;90000;90000;80640;80640;60200;60200;62000;68625;80000;90000;87000
3517802;Guaraçaí;80000;100000;99940;100000;100000;83680;90000;90000;90000;90000;90000;90000;70000;70000;70000;70000;70000;70000;70000;70000;70000
3510153;Canitar;100000;40000;100000;100000;100000;99329;60000;70000;70000;70000;70000;71795;80000;86630;80000;75000;71000;71000;65000;70000;78960
3525854;Jumirim;100000;100000;100000;100000;100000;99328;80000;80000;100000;75000;65000;65000;80000;100000;100000;100000;100000;100000;100000;75000;100000
3528106;Macaubal;NA;130000;100000;100000;100000;98899;120000;90000;90000;90000;90000;90000;80000;95625;80000;70000;70000;70000;70000;80000;80000
3517406;Guaíra;90000;80000;100377;110000;100000;102000;95000;100000;92727;87719;100000;90000;80000;90000;85000;85000;85000;85000;85000;85000;85000
3521606;Irapuru;NA;NA;124900;116504;100000;77477;130000;120000;100000;110000;110000;110000;70000;75000;60000;70000;70000;70000;70000;70000;70000
3535903;Paranapuã;NA;90000;90000;120967;100000;89380;90000;60000;90000;70000;110000;120000;100000;97000;90000;100000;85000;90000;90000;90000;90000
3543105;Ribeirão Corrente;110000;110000;110000;140000;100000;118679;100000;100000;100000;100000;100000;90000;75000;75000;65000;70000;75000;75000;75000;73333;80000
3525607;João Ramalho;60000;80000;80000;102351;102351;88228;70000;70000;73150;80000;80000;72000;70000;72572;63000;76000;68454;70992;65871;65871;67331
3522000;Itaju;NA;80000;80000;80000;104000;84446;81000;102600;80000;97000;97000;97000;75000;77817;70000;77000;77000;77000;75000;75000;75000
3555703;União Paulista;100000;120000;73846;120000;104000;99357;120000;90000;90000;90000;90000;90000;90000;110000;80000;100000;100000;100000;100000;80000;80000
3513306;Cruzália;NA;100000;NA;116413;105000;109318;100000;125000;127289;113000;102299;92000;85000;85000;82000;81559;75000;100000;100000;85000;90000
3524501;Jaci;80000;NA;NA;NA;110000;89396;250000;140000;80000;90000;90000;90000;90000;100000;75000;90000;110000;100000;110000;90000;90000
3508108;Buritama;80000;80000;88050;80000;110721;98302;104390;93000;95600;80000;80000;74780;75000;78523;69600;75000;81194;90000;80000;80000;80000
3521150;Ipiguá;100000;75000;100000;121428;115000;79521;100000;90000;80000;80000;80000;80000;80000;111538;90000;120000;90000;89271;89271;80000;90000
3500204;Adolfo;NA;80000;NA;NA;120000;89009;100000;100000;80000;90000;90000;90000;90000;90000;70000;70000;80000;90000;90000;90000;90000
3500402;Águas da Prata;NA;NA;NA;NA;NA;NA;0;0;0;120000;120000;60000;90000;90000;90000;0;0;0;0;0;0
3500501;Águas de Lindóia;NA;NA;NA;NA;NA;NA;0;0;0;0;0;0;0;0;0;0;0;0;0;0;0
3500550;Águas de Santa Bárbara;NA;NA;NA;NA;NA;NA;80333;80000;82000;61651;85000;80000;100000;100000;100000;90000;63000;80000;70000;75000;55000
3500600;Águas de São Pedro;NA;NA;NA;NA;NA;NA;0;0;0;0;0;0;0;0;0;0;0;0;0;0;0
3500758;Alambari;NA;NA;NA;NA;NA;NA;0;0;75000;88888;100000;92300;70000;80000;72800;80000;80000;80000;80000;80000;80000
3500808;Alfredo Marcondes;NA;NA;NA;NA;NA;NA;0;0;0;0;0;0;0;0;0;0;0;0;0;0;0
3501202;Álvares Florence;NA;NA;NA;NA;NA;NA;80000;100000;100000;80000;80000;79231;80000;74754;71604;70004;83798;80000;75002;75002;75000
3501301;Álvares Machado;NA;NA;NA;NA;NA;NA;0;0;0;0;0;0;0;0;75000;75000;75000;80000;100000;100000;100000
3501400;Álvaro de Carvalho;NA;NA;NA;NA;NA;NA;0;0;0;0;0;0;0;0;0;0;0;0;0;0;0
3503901;Arujá;NA;NA;NA;NA;NA;NA;NA;0;0;0;0;0;0;0;0;0;0;0;0;0;0
3503950;Aspásia;NA;NA;NA;NA;NA;NA;NA;90000;0;88000;101000;90000;85000;85000;85000;85000;85000;85000;85000;90000;90000
3504701;Balbinos;NA;NA;NA;NA;NA;NA;NA;70000;70000;70000;70000;73000;73000;75000;65000;70000;85019;80000;90000;90000;90000
3505005;Barão de Antonina;NA;NA;NA;NA;NA;NA;NA;0;0;0;60000;60000;0;0;0;0;0;0;0;0;0
3505351;Barra do Chapéu;NA;NA;NA;NA;NA;NA;NA;0;0;0;0;0;0;0;0;0;0;0;0;50000;50000
3505401;Barra do Turvo;NA;NA;NA;NA;NA;NA;NA;0;0;45000;45000;35000;0;0;0;0;0;0;20000;46000;46000
3505708;Barueri;NA;NA;NA;NA;NA;NA;NA;0;0;0;0;0;0;0;0;0;0;0;0;0;0
3506359;Bertioga;NA;NA;NA;NA;NA;NA;NA;0;0;0;0;0;0;0;0;0;0;0;0;0;0
3506607;Biritiba Mirim;NA;NA;NA;NA;NA;NA;NA;0;0;0;0;0;0;0;0;0;0;0;0;0;0
3506904;Bofete;NA;NA;NA;NA;NA;NA;NA;0;45000;45000;45918;45000;0;70000;75000;60000;60000;80000;80000;71875;71875
3507100;Bom Jesus dos Perdões;NA;NA;NA;NA;NA;NA;NA;0;0;0;0;80000;0;0;0;0;0;0;0;0;0
3507159;Bom Sucesso de Itararé;NA;NA;NA;NA;NA;NA;NA;0;0;0;40000;40000;0;0;0;0;0;0;0;0;0
3513801;;;;;;;;;;;;;;;;;;;;;;
3520426;;;;;;;;;;;;;;;;;;;;;;
3548807;;;;;;;;;;;;;;;;;;;;;;
